CjSA1,CP000814.1,98.452,323,3,1,1,323,4604,4924,3.60E-160,558
CjSA1,CP000814.1,100,27,0,0,293,319,4920,4894,4.42E-07,50
CjSA1,CP000814.1,89.655,29,3,0,293,321,676429,676401,7.99E-04,40.1
CjSA1,CP000814.1,90,30,2,1,4,33,290043,290071,0.003,38.3
CjSA1,CP000814.1,95.455,22,1,0,9,30,1264687,1264708,0.01,36.5
CjSA1,CP000814.1,100,19,0,0,13,31,49790,49808,0.01,35.6
CjSA1,CP000814.1,88.462,26,3,0,294,319,676404,676429,0.034,34.6
CjSA1,CP000814.1,82.857,35,4,1,137,171,1364815,1364783,0.034,34.6
CjSA2,CP000814.1,99.115,113,0,1,1,112,8100,8212,1.44E-51,196
CjSA2,CP000814.1,88.889,27,1,1,41,65,1323763,1323737,0.01,33.7
CjSA2,CP000814.1,90.909,22,2,0,46,67,186074,186053,0.036,31.9
CjSA2,CP000814.1,90.909,22,2,0,50,71,721233,721254,0.036,31.9
CjSA2,CP000814.1,78.378,37,8,0,39,75,909859,909823,0.036,31.9
CjSA3,CP000814.1,100,18,0,0,58,75,743535,743552,0.011,33.7
CjSA3,CP000814.1,95,20,1,0,56,75,535696,535677,0.038,32.8
CjSA3,CP000814.1,86.207,29,3,1,47,75,13066,13039,0.038,31.9
CjSA3,CP000814.1,78.378,37,8,0,4,40,783798,783762,0.038,31.9
CjSA3,CP000814.1,91.667,24,1,1,3,26,1184392,1184414,0.038,31.9
CjSA3,CP000814.1,90.909,22,2,0,2,23,1504644,1504665,0.038,31.9
CjSA4,CP000814.1,96.262,107,4,0,1,107,37128,37022,1.28E-45,176
CjSA4,CP000814.1,98.077,52,1,0,1,52,403000,402949,1.46E-19,90.6
CjSA4,CP000814.1,100,42,0,0,1,42,706178,706137,9.19E-16,77
CjSA4,CP000814.1,89.286,28,2,1,53,80,1372951,1372977,0.01,34.6
CjSA4,CP000814.1,86.667,30,3,1,50,78,1463174,1463203,0.01,33.7
CjSA4,CP000814.1,85.185,27,4,0,48,74,1616069,1616095,0.034,31.9
CjSA5,CP000814.1,97.656,128,2,1,1,127,37389,37516,6.18E-57,214
CjSA5,CP000814.1,97.656,128,2,1,1,127,403261,403388,6.18E-57,214
CjSA5,CP000814.1,97.656,128,2,1,1,127,706439,706566,6.18E-57,214
CjSA5,CP000814.1,88.571,35,3,1,14,48,39161,39128,2.31E-05,42.8
CjSA5,CP000814.1,88.571,35,3,1,14,48,405033,405000,2.31E-05,42.8
CjSA5,CP000814.1,88.571,35,3,1,14,48,708211,708178,2.31E-05,42.8
CjSA5,CP000814.1,100,18,0,0,110,127,37328,37345,0.012,33.7
CjSA5,CP000814.1,100,18,0,0,110,127,403200,403217,0.012,33.7
CjSA5,CP000814.1,91.304,23,2,0,96,118,469954,469976,0.012,33.7
CjSA5,CP000814.1,83.333,36,2,2,96,127,649890,649925,0.012,33.7
CjSA5,CP000814.1,100,18,0,0,110,127,706378,706395,0.012,33.7
CjSA5,CP000814.1,91.304,23,2,0,96,118,921698,921720,0.012,33.7
CjSA5,CP000814.1,88.462,26,1,1,91,116,667932,667955,0.042,31.9
CjSA5,CP000814.1,82.353,34,5,1,79,111,1349637,1349670,0.042,31.9
CjSA5,CP000814.1,100,17,0,0,103,119,1451909,1451893,0.042,31.9
CjSA7,CP000814.1,94.737,209,7,3,2,208,39518,39724,3.56E-88,318
CjSA7,CP000814.1,94.737,209,7,3,2,208,405390,405596,3.56E-88,318
CjSA7,CP000814.1,94.737,209,7,3,2,208,708568,708774,3.56E-88,318
CjSA7,CP000814.1,85.714,28,4,0,38,65,1316973,1317000,0.021,33.7
CjSA9,CP000814.1,100,185,0,0,1,185,75877,76061,4.06E-93,334
CjSA11,CP000814.1,92.541,362,11,2,1,347,76450,76090,1.39E-153,537
CjSA11,CP000814.1,79.07,43,7,1,44,86,1586872,1586912,0.011,35.6
CjSA11,CP000814.1,100,18,0,0,201,218,1399056,1399039,0.04,33.7
CjSA12,CP000814.1,98.893,271,3,0,1,271,87798,88068,2.79E-135,476
CjSA12,CP000814.1,79.545,44,9,0,57,100,417455,417498,6.61E-04,40.1
CjSA12,CP000814.1,79.07,43,9,0,27,69,52792,52750,0.002,38.3
CjSA12,CP000814.1,100,19,0,0,222,240,1069083,1069065,0.008,35.6
CjSA12,CP000814.1,91.667,24,2,0,226,249,1224332,1224309,0.008,35.6
CjSA12,CP000814.1,91.667,24,2,0,58,81,1570999,1571022,0.008,35.6
CjSA12,CP000814.1,74.545,55,12,1,13,67,248288,248236,0.028,34.6
CjSA12,CP000814.1,81.579,38,6,1,214,251,674134,674170,0.028,34.6
CjSA12,CP000814.1,100,18,0,0,210,227,287778,287761,0.028,33.7
CjSA12,CP000814.1,76.744,43,10,0,205,247,880598,880640,0.028,33.7
CjSA12,CP000814.1,84.375,32,3,1,198,227,1222563,1222532,0.028,33.7
CjSA13,CP000814.1,99.265,136,1,0,1,136,88942,89077,4.83E-65,242
CjSA13,CP000814.1,100,20,0,0,112,131,89072,89053,0.001,37.4
CjSA13,CP000814.1,92,25,0,1,46,68,1516607,1516631,0.013,34.6
CjSA13,CP000814.1,84.375,32,4,1,45,76,186396,186366,0.045,32.8
CjSA13,CP000814.1,81.818,33,2,1,98,126,861013,861045,0.045,32.8
CjSA13,CP000814.1,90.909,22,2,0,113,134,106809,106830,0.045,31.9
CjSA13,CP000814.1,90.909,22,2,0,60,81,658950,658971,0.045,31.9
CjSA13,CP000814.1,81.25,32,6,0,71,102,1264613,1264582,0.045,31.9
CjSA14,CP000814.1,98.039,102,2,0,1,102,100738,100839,1.23E-45,176
CjSA14,CP000814.1,100,24,0,0,57,80,1526740,1526717,5.25E-06,44.6
CjSA14,CP000814.1,100,22,0,0,2,23,1547755,1547776,6.39E-05,41
CjSA14,CP000814.1,92,25,2,0,1,25,228833,228857,7.79E-04,37.4
CjSA14,CP000814.1,95.238,21,1,0,1,21,1267452,1267472,0.009,34.6
CjSA14,CP000814.1,95,20,1,0,53,72,82566,82585,0.033,32.8
CjSA14,CP000814.1,95,20,1,0,58,77,970659,970678,0.033,32.8
CjSA16,CP000814.1,99.675,308,1,0,1,308,139416,139109,5.08E-158,552
CjSA16,CP000814.1,87.5,32,3,1,78,108,810558,810589,0.003,37.4
CjSA16,CP000814.1,100,19,0,0,206,224,135735,135753,0.009,35.6
CjSA16,CP000814.1,95.238,21,1,0,233,253,1363606,1363626,0.032,34.6
CjSA16,CP000814.1,100,18,0,0,146,163,104591,104574,0.032,33.7
CjSA18,CP000814.1,95.714,420,2,2,1,404,174403,174822,0,682
CjSA18,CP000814.1,96.774,31,1,0,39,69,174471,174441,1.61E-07,52.7
CjSA18,CP000814.1,95.238,21,1,0,262,282,613650,613670,0.043,34.6
CjSA18,CP000814.1,91.304,23,2,0,237,259,930850,930828,0.043,33.7
CjSA18,CP000814.1,86.667,30,3,1,238,267,1283263,1283235,0.043,33.7
CjSA20,CP000814.1,100,96,0,0,1,96,216338,216243,3.89E-45,174
CjSA20,CP000814.1,88,25,3,0,72,96,1258966,1258990,0.03,32.8
CjSA21,CP000814.1,97.118,347,10,0,1,347,229710,230056,3.41E-167,581
CjSA21,CP000814.1,78.906,128,27,0,216,343,154329,154202,5.81E-25,110
CjSA21,CP000814.1,78.906,128,27,0,216,343,1481042,1480915,5.81E-25,110
CjSA21,CP000814.1,77.953,127,28,0,216,342,241924,242050,2.47E-23,104
CjSA21,CP000814.1,84.615,91,14,0,242,332,22285,22375,8.62E-23,102
CjSA21,CP000814.1,81.111,90,17,0,246,335,1426722,1426811,6.63E-18,86.9
CjSA21,CP000814.1,77.358,106,24,0,237,342,1138945,1139050,2.31E-17,84.2
CjSA21,CP000814.1,76.415,106,25,0,237,342,425006,425111,9.84E-16,79.7
CjSA21,CP000814.1,78.481,79,17,0,257,335,1060397,1060475,6.21E-12,67.1
CjSA21,CP000814.1,95.238,21,1,0,73,93,886239,886259,0.037,34.6
CjSA22,CP000814.1,97.744,133,3,0,1,133,248257,248125,1.04E-60,227
CjSA22,CP000814.1,80.952,42,7,1,40,81,740869,740909,0.001,37.4
CjSA22,CP000814.1,92,25,1,1,25,48,1436947,1436971,0.013,33.7
CjSA22,CP000814.1,95,20,1,0,75,94,283319,283338,0.044,32.8
CjSA22,CP000814.1,90.909,22,2,0,51,72,552964,552985,0.044,31.9
CjSA22,CP000814.1,78.378,37,8,0,30,66,787666,787630,0.044,31.9
CjSA22,CP000814.1,100,17,0,0,83,99,989742,989758,0.044,31.9
CjSA23,CP000814.1,100,98,0,0,1,98,304419,304516,3.28E-46,178
CjSA23,CP000814.1,86.111,36,2,2,15,49,1034690,1034723,7.23E-04,37.4
CjSA23,CP000814.1,91.304,23,2,0,21,43,1357420,1357398,0.009,33.7
CjSA24,CP000814.1,99.333,150,1,0,1,150,312919,313068,1.36E-72,267
CjSA24,CP000814.1,92.857,28,1,1,70,97,32966,32992,3.43E-04,39.2
CjSA25,CP000814.1,100,372,0,0,1,372,313119,313490,0,672
CjSA26,CP000814.1,99.394,330,2,0,1,330,313847,314176,7.60E-169,587
CjSA26,CP000814.1,84.848,33,5,0,255,287,647780,647812,0.003,38.3
CjSA26,CP000814.1,91.667,24,2,0,249,272,306976,306999,0.01,35.6
CjSA26,CP000814.1,100,18,0,0,277,294,81822,81805,0.035,33.7
CjSA26,CP000814.1,91.304,23,2,0,304,326,800961,800939,0.035,33.7
CjSA27,CP000814.1,95.364,151,6,1,17,167,318558,318707,7.47E-64,238
CjSA27,CP000814.1,88.462,26,3,0,5,30,49124,49149,0.016,34.6
CjSA27,CP000814.1,91.304,23,2,0,142,164,23344,23366,0.016,33.7
CjSA27,CP000814.1,91.304,23,2,0,10,32,1090716,1090738,0.016,33.7
CjSA28,CP000814.1,100,238,0,0,1,238,330771,331008,9.04E-122,430
CjSA30,CP000814.1,98.667,75,1,0,1,75,385127,385201,3.01E-32,132
CjSA30,CP000814.1,100,18,0,0,22,39,668341,668358,0.006,33.7
CjSA30,CP000814.1,100,17,0,0,22,38,112208,112224,0.022,31.9
CjSA31,CP000814.1,100,115,0,0,1,115,392411,392525,2.36E-55,208
CjSA31,CP000814.1,85.366,41,3,2,75,115,392528,392491,7.23E-05,41.9
CjSA31,CP000814.1,95.238,21,1,0,38,58,1616090,1616070,0.011,34.6
CjSA31,CP000814.1,100,18,0,0,88,105,1006002,1005985,0.011,33.7
CjSA32,CP000814.1,98.431,255,4,0,1,255,394264,394518,1.55E-125,443
CjSA32,CP000814.1,86.667,30,4,0,196,225,1000093,1000064,0.002,37.4
CjSA32,CP000814.1,86.207,29,4,0,125,153,325354,325326,0.008,35.6
CjSA32,CP000814.1,85.714,35,3,2,135,168,1334202,1334169,0.026,34.6
CjSA33,CP000814.1,98.069,259,5,0,2,260,394644,394902,4.52E-126,445
CjSA33,CP000814.1,100,19,0,0,100,118,969268,969286,0.008,35.6
CjSA33,CP000814.1,91.304,23,2,0,34,56,304881,304903,0.027,33.7
CjSA34,CP000814.1,94.569,313,17,0,1,313,395084,395396,5.18E-139,489
CjSA34,CP000814.1,100,19,0,0,12,30,1475943,1475961,0.009,35.6
CjSA34,CP000814.1,80.488,41,4,2,22,61,491598,491635,0.033,33.7
CjSA34,CP000814.1,85.714,28,4,0,60,87,537399,537426,0.033,33.7
CjSA34,CP000814.1,91.304,23,2,0,16,38,962967,962989,0.033,33.7
CjSA35,CP000814.1,98.095,420,8,0,1,420,399154,399573,0,722
CjSA35,CP000814.1,85.714,35,4,1,279,313,1183016,1183049,0.004,38.3
CjSA35,CP000814.1,88.889,27,3,0,88,114,284674,284648,0.013,36.5
CjSA35,CP000814.1,88.889,27,3,0,265,291,322473,322447,0.013,36.5
CjSA35,CP000814.1,100,19,0,0,95,113,581435,581453,0.013,35.6
CjSA35,CP000814.1,100,19,0,0,281,299,1004967,1004949,0.013,35.6
CjSA35,CP000814.1,95.238,21,1,0,87,107,62157,62137,0.045,34.6
CjSA35,CP000814.1,95.238,21,1,0,27,47,1387678,1387698,0.045,34.6
CjSA35,CP000814.1,91.304,23,2,0,123,145,266592,266570,0.045,33.7
CjSA35,CP000814.1,100,18,0,0,281,298,730127,730110,0.045,33.7
CjSA35,CP000814.1,91.304,23,2,0,122,144,1027987,1027965,0.045,33.7
CjSA36,CP000814.1,96.861,223,7,0,1,223,400100,400322,6.95E-104,371
CjSA36,CP000814.1,82.857,35,5,1,139,172,400283,400249,0.023,33.7
CjSA36,CP000814.1,100,18,0,0,185,202,864078,864061,0.023,33.7
CjSA36,CP000814.1,91.304,23,2,0,9,31,1098492,1098470,0.023,33.7
CjSA37,CP000814.1,98.425,381,4,2,1,379,37191,37571,0,654
CjSA37,CP000814.1,98.425,381,4,2,1,379,403063,403443,0,654
CjSA37,CP000814.1,98.425,381,4,2,1,379,706241,706621,0,654
CjSA37,CP000814.1,88.571,35,3,1,211,245,39161,39128,7.78E-05,42.8
CjSA37,CP000814.1,88.571,35,3,1,211,245,405033,405000,7.78E-05,42.8
CjSA37,CP000814.1,88.571,35,3,1,211,245,708211,708178,7.78E-05,42.8
CjSA37,CP000814.1,86.207,29,4,0,27,55,832802,832830,0.012,35.6
CjSA37,CP000814.1,78.431,51,6,3,3,50,1105457,1105505,0.04,34.6
CjSA37,CP000814.1,82.051,39,4,2,9,44,1157025,1156987,0.04,33.7
CjSA39,CP000814.1,97.085,446,7,5,2,445,39518,39959,0,729
CjSA39,CP000814.1,97.085,446,7,5,2,445,405390,405831,0,729
CjSA39,CP000814.1,97.085,446,7,5,2,445,708568,709009,0,729
CjSA39,CP000814.1,87.5,40,3,1,297,336,42868,42831,2.17E-06,48.2
CjSA39,CP000814.1,87.5,40,3,1,297,336,408740,408703,2.17E-06,48.2
CjSA39,CP000814.1,87.5,40,3,1,297,336,711918,711881,2.17E-06,48.2
CjSA39,CP000814.1,81.818,44,3,2,205,247,1233554,1233515,0.001,40.1
CjSA39,CP000814.1,88.462,26,3,0,198,223,519466,519441,0.048,34.6
CjSA39,CP000814.1,85.714,28,4,0,38,65,1316973,1317000,0.048,33.7
CjSA41,CP000814.1,91.315,403,18,2,1,402,409176,409562,1.70E-165,576
CjSA41,CP000814.1,86.555,119,9,3,1,113,712354,712471,4.89E-33,136
CjSA41,CP000814.1,96.825,63,2,0,1,63,43304,43366,8.28E-24,105
CjSA41,CP000814.1,91.667,24,2,0,252,275,1521844,1521867,0.012,35.6
CjSA42,CP000814.1,98.675,151,2,0,1,151,418211,418361,4.78E-72,264
CjSA42,CP000814.1,85.714,28,4,0,40,67,1136417,1136390,0.015,33.7
CjSA42,CP000814.1,75,48,12,0,63,110,1230580,1230533,0.015,33.7
CjSA43,CP000814.1,99.167,120,1,0,1,120,427729,427848,2.02E-56,213
CjSA43,CP000814.1,95.238,21,1,0,100,120,897448,897428,0.011,34.6
CjSA43,CP000814.1,82.353,34,5,1,86,118,720203,720236,0.039,31.9
CjSA44,CP000814.1,96.552,87,3,0,1,87,435815,435901,5.81E-36,144
CjSA44,CP000814.1,86.111,36,5,0,46,81,637455,637420,1.46E-05,43.7
CjSA44,CP000814.1,100,19,0,0,9,27,1103935,1103917,0.002,35.6
CjSA44,CP000814.1,88,25,3,0,8,32,696351,696375,0.026,32.8
CjSA44,CP000814.1,100,17,0,0,9,25,3261,3277,0.026,31.9
CjSA44,CP000814.1,100,17,0,0,70,86,380779,380795,0.026,31.9
CjSA44,CP000814.1,100,17,0,0,9,25,397431,397447,0.026,31.9
CjSA44,CP000814.1,100,17,0,0,7,23,477611,477627,0.026,31.9
CjSA45,CP000814.1,95.789,95,4,0,1,95,439584,439678,3.69E-39,154
CjSA45,CP000814.1,90.909,22,2,0,35,56,894357,894336,0.03,31.9
CjSA47,CP000814.1,98.742,159,2,0,1,159,447037,447195,2.30E-76,279
CjSA48,CP000814.1,99.578,237,1,0,1,237,448012,448248,1.34E-119,424
CjSA48,CP000814.1,100,18,0,0,138,155,1385917,1385934,0.024,33.7
CjSA49,CP000814.1,99.02,102,1,0,1,102,460151,460252,9.87E-47,180
CjSA49,CP000814.1,77.586,58,11,1,8,65,832719,832774,5.12E-06,44.6
CjSA49,CP000814.1,77.586,58,11,1,8,65,1537741,1537796,5.12E-06,44.6
CjSA49,CP000814.1,91.667,24,2,0,4,27,1578621,1578598,0.003,35.6
CjSA49,CP000814.1,90.909,22,2,0,77,98,539572,539593,0.032,31.9
CjSA51,CP000814.1,99.458,369,2,0,1,369,518711,518343,0,657
CjSA53,CP000814.1,98.969,97,1,0,1,97,519482,519578,4.80E-44,171
CjSA53,CP000814.1,100,19,0,0,51,69,11460,11478,0.002,35.6
CjSA53,CP000814.1,87.879,33,2,2,43,74,511651,511620,0.002,35.6
CjSA54,CP000814.1,89.655,29,2,1,47,75,948290,948263,0.003,36.5
CjSA54,CP000814.1,87.097,31,3,1,42,71,1164797,1164767,0.003,35.6
CjSA54,CP000814.1,95.238,21,1,0,78,98,123098,123118,0.011,34.6
CjSA54,CP000814.1,95.455,22,0,1,42,63,134828,134848,0.038,32.8
CjSA54,CP000814.1,95,20,1,0,46,65,1375708,1375689,0.038,32.8
CjSA54,CP000814.1,78.571,42,3,2,15,50,1529121,1529080,0.038,32.8
CjSA54,CP000814.1,100,17,0,0,42,58,1358444,1358460,0.038,31.9
CjSA54,CP000814.1,100,17,0,0,65,81,1501952,1501968,0.038,31.9
CjSA55,CP000814.1,100,120,0,0,1,120,557917,557798,4.74E-58,217
CjSA55,CP000814.1,88,25,3,0,91,115,205574,205598,0.039,32.8
CjSA56,CP000814.1,91.667,24,2,0,299,322,1501494,1501471,0.011,35.6
CjSA56,CP000814.1,77.273,44,7,1,62,105,831035,830995,0.038,33.7
CjSA58,CP000814.1,98.675,151,2,0,1,151,653344,653494,4.86E-72,264
CjSA58,CP000814.1,95.238,21,1,0,27,47,1357540,1357560,0.015,34.6
CjSA58,CP000814.1,100,18,0,0,1,18,1345355,1345372,0.015,33.7
CjSA58,CP000814.1,91.304,23,2,0,119,141,1469885,1469907,0.015,33.7
CjSA59,CP000814.1,100,120,0,0,1,120,655219,655338,4.74E-58,217
CjSA59,CP000814.1,82.927,41,6,1,2,42,664675,664636,2.63E-04,40.1
CjSA59,CP000814.1,81.818,33,6,0,87,119,1539765,1539733,0.011,33.7
CjSA60,CP000814.1,99.206,378,3,0,1,378,657575,657952,0,669
CjSA60,CP000814.1,75,64,13,2,373,435,330778,330839,0.004,38.3
CjSA60,CP000814.1,84.375,32,5,0,392,423,1609075,1609106,0.014,36.5
CjSA60,CP000814.1,86.207,29,4,0,395,423,160742,160714,0.014,35.6
CjSA60,CP000814.1,77.083,48,5,2,398,445,143687,143646,0.048,34.6
CjSA61,CP000814.1,97.351,151,4,0,1,151,658519,658669,2.48E-69,255
CjSA61,CP000814.1,89.286,28,1,1,47,72,745217,745190,0.004,35.6
CjSA61,CP000814.1,95.238,21,1,0,67,87,330752,330732,0.015,34.6
CjSA62,CP000814.1,99.115,113,0,1,1,113,666500,666389,1.46E-51,196
CjSA62,CP000814.1,100,18,0,0,65,82,849000,848983,0.011,33.7
CjSA62,CP000814.1,100,17,0,0,8,24,162021,162037,0.037,31.9
CjSA62,CP000814.1,100,17,0,0,84,100,659187,659171,0.037,31.9
CjSA63,CP000814.1,98.969,97,1,0,1,97,671301,671205,4.80E-44,171
CjSA64,CP000814.1,99.403,335,2,0,1,335,681304,680970,1.49E-171,596
CjSA64,CP000814.1,95.455,22,1,0,1,22,312503,312524,0.01,36.5
CjSA64,CP000814.1,77.778,45,7,1,115,159,927974,928015,0.01,35.6
CjSA64,CP000814.1,81.818,33,6,0,109,141,65844,65812,0.035,33.7
CjSA64,CP000814.1,91.304,23,2,0,1,23,69843,69865,0.035,33.7
CjSA65,CP000814.1,95.146,103,0,1,1,98,698380,698482,7.22E-42,164
CjSA65,CP000814.1,85,40,4,2,3,40,1356903,1356864,2.07E-04,39.2
CjSA65,CP000814.1,85,40,4,2,3,40,1359271,1359232,2.07E-04,39.2
CjSA65,CP000814.1,89.286,28,3,0,16,43,698425,698398,7.23E-04,38.3
CjSA65,CP000814.1,80.952,42,7,1,1,42,1546131,1546091,7.23E-04,37.4
CjSA65,CP000814.1,100,18,0,0,14,31,732014,732031,0.009,33.7
CjSA65,CP000814.1,83.333,30,5,0,7,36,73410,73381,0.031,32.8
CjSA65,CP000814.1,83.333,30,5,0,12,41,583734,583705,0.031,32.8
CjSA65,CP000814.1,83.871,31,2,1,2,29,1255861,1255891,0.031,32.8
CjSA65,CP000814.1,95.455,22,0,1,4,25,1615726,1615706,0.031,32.8
CjSA65,CP000814.1,90.909,22,2,0,4,25,515286,515307,0.031,31.9
CjSA65,CP000814.1,90.909,22,2,0,15,36,1284923,1284902,0.031,31.9
CjSA66,CP000814.1,98.417,379,4,2,1,377,37193,37571,0,650
CjSA66,CP000814.1,98.417,379,4,2,1,377,403065,403443,0,650
CjSA66,CP000814.1,98.417,379,4,2,1,377,706243,706621,0,650
CjSA66,CP000814.1,88.571,35,3,1,209,243,39161,39128,7.74E-05,42.8
CjSA66,CP000814.1,88.571,35,3,1,209,243,405033,405000,7.74E-05,42.8
CjSA66,CP000814.1,88.571,35,3,1,209,243,708211,708178,7.74E-05,42.8
CjSA66,CP000814.1,86.207,29,4,0,25,53,832802,832830,0.011,35.6
CjSA66,CP000814.1,78.431,51,6,3,1,48,1105457,1105505,0.04,34.6
CjSA66,CP000814.1,82.051,39,4,2,7,42,1157025,1156987,0.04,33.7
CjSA67,CP000814.1,100,202,0,0,1,202,39057,39258,2.65E-102,365
CjSA67,CP000814.1,100,202,0,0,1,202,404929,405130,2.65E-102,365
CjSA67,CP000814.1,100,202,0,0,1,202,708107,708308,2.65E-102,365
CjSA67,CP000814.1,80.769,78,13,2,126,202,1617076,1617152,3.46E-12,67.1
CjSA67,CP000814.1,88.571,35,3,1,72,105,37436,37402,3.95E-05,42.8
CjSA67,CP000814.1,88.571,35,3,1,72,105,403308,403274,3.95E-05,42.8
CjSA67,CP000814.1,88.571,35,3,1,72,105,706486,706452,3.95E-05,42.8
CjSA67,CP000814.1,91.667,24,2,0,92,115,1381435,1381412,0.006,35.6
CjSA68,CP000814.1,96.766,402,7,5,2,401,39518,39915,0,650
CjSA68,CP000814.1,96.766,402,7,5,2,401,405390,405787,0,650
CjSA68,CP000814.1,96.766,402,7,5,2,401,708568,708965,0,650
CjSA68,CP000814.1,87.5,40,3,1,297,336,42868,42831,1.94E-06,48.2
CjSA68,CP000814.1,87.5,40,3,1,297,336,408740,408703,1.94E-06,48.2
CjSA68,CP000814.1,87.5,40,3,1,297,336,711918,711881,1.94E-06,48.2
CjSA68,CP000814.1,81.818,44,3,2,205,247,1233554,1233515,0.001,40.1
CjSA68,CP000814.1,88.462,26,3,0,198,223,519466,519441,0.043,34.6
CjSA68,CP000814.1,85.714,28,4,0,38,65,1316973,1317000,0.043,33.7
CjSA70,CP000814.1,100,129,0,0,3,131,728901,728773,6.85E-63,233
CjSA71,CP000814.1,97.368,114,3,0,1,114,730310,730423,1.79E-50,193
CjSA71,CP000814.1,74.194,93,24,0,12,104,1079721,1079813,7.64E-11,60.8
CjSA71,CP000814.1,85.417,48,7,0,60,107,150991,151038,3.25E-09,56.3
CjSA71,CP000814.1,70.297,101,29,1,12,111,762342,762242,5.87E-06,44.6
CjSA71,CP000814.1,84.848,33,5,0,69,101,848493,848461,8.71E-04,38.3
CjSA71,CP000814.1,73.684,57,9,2,61,114,1560741,1560688,0.037,32.8
CjSA72,CP000814.1,94.792,96,5,0,1,96,767565,767470,4.79E-38,151
CjSA72,CP000814.1,83.784,37,4,2,35,70,56515,56550,0.009,33.7
CjSA72,CP000814.1,100,17,0,0,12,28,1536080,1536096,0.032,31.9
CjSA72,CP000814.1,76.087,46,9,1,46,89,1576700,1576745,0.032,31.9
CjSA73,CP000814.1,96.899,129,4,0,1,129,795625,795753,1.81E-57,215
CjSA73,CP000814.1,81.818,44,6,2,74,116,56127,56169,0.001,37.4
CjSA73,CP000814.1,95.455,22,1,0,97,118,357439,357418,0.003,36.5
CjSA73,CP000814.1,95.238,21,1,0,92,112,358191,358171,0.012,34.6
CjSA73,CP000814.1,84.375,32,4,1,98,129,1140507,1140537,0.043,32.8
CjSA73,CP000814.1,90.909,22,2,0,96,117,524008,523987,0.043,31.9
CjSA73,CP000814.1,90.909,22,2,0,91,112,1391647,1391626,0.043,31.9
CjSA74,CP000814.1,98.31,355,5,1,1,355,832764,833117,7.20E-176,610
CjSA74,CP000814.1,100,25,0,0,1,25,1537786,1537810,5.96E-06,46.4
CjSA74,CP000814.1,92.308,26,2,0,102,127,1018828,1018803,8.84E-04,39.2
CjSA74,CP000814.1,91.667,24,2,0,95,118,1078739,1078716,0.011,35.6
CjSA74,CP000814.1,88.462,26,3,0,105,130,696326,696301,0.038,34.6
CjSA74,CP000814.1,91.304,23,2,0,1,23,443452,443474,0.038,33.7
CjSA75,CP000814.1,98.885,269,3,0,1,269,853489,853757,3.38E-134,472
CjSA75,CP000814.1,100,20,0,0,160,179,897685,897704,0.002,37.4
CjSA75,CP000814.1,91.667,24,2,0,79,102,428690,428713,0.008,35.6
CjSA75,CP000814.1,78.261,46,6,2,136,179,507851,507894,0.028,33.7
CjSA76,CP000814.1,99.203,251,2,0,1,251,856442,856192,4.35E-126,444
CjSA76,CP000814.1,95.455,22,1,0,94,115,696909,696888,0.007,36.5
CjSA76,CP000814.1,92,25,1,1,106,130,312380,312357,0.026,33.7
CjSA78,CP000814.1,93.831,308,18,1,1,308,925774,926080,1.66E-132,467
CjSA78,CP000814.1,100,20,0,0,119,138,96841,96822,0.003,37.4
CjSA78,CP000814.1,84.375,32,3,1,30,59,814900,814931,0.032,33.7
CjSA79,CP000814.1,97.27,403,11,0,1,403,926209,926611,0,678
CjSA79,CP000814.1,86.667,30,3,1,69,97,884404,884433,0.043,33.7
CjSA80,CP000814.1,98.515,202,3,0,3,204,932024,931823,5.90E-98,352
CjSA82,CP000814.1,98.413,189,3,0,1,189,957962,958150,6.18E-91,328
CjSA82,CP000814.1,95.455,22,1,0,84,105,755088,755109,0.005,36.5
CjSA82,CP000814.1,100,19,0,0,85,103,316638,316656,0.005,35.6
CjSA82,CP000814.1,88.462,26,3,0,163,188,123954,123979,0.019,34.6
CjSA82,CP000814.1,80.556,36,7,0,150,185,957666,957631,0.019,34.6
CjSA83,CP000814.1,99.01,101,1,0,1,101,962867,962967,3.40E-46,178
CjSA83,CP000814.1,73.611,72,19,0,2,73,730745,730816,5.06E-06,45.5
CjSA83,CP000814.1,88.462,26,3,0,76,101,164039,164014,0.009,34.6
CjSA83,CP000814.1,95,20,1,0,68,87,1345776,1345795,0.032,32.8
CjSA83,CP000814.1,83.333,30,5,0,67,96,1550593,1550564,0.032,32.8
CjSA84,CP000814.1,96.644,149,5,0,1,149,1051307,1051159,1.26E-66,247
CjSA84,CP000814.1,95.238,21,1,0,30,50,989311,989331,0.014,34.6
CjSA84,CP000814.1,91.304,23,2,0,119,141,467943,467921,0.014,33.7
CjSA84,CP000814.1,91.304,23,2,0,119,141,919687,919665,0.014,33.7
CjSA85,CP000814.1,99.265,136,1,0,4,139,1109014,1109149,4.95E-65,242
CjSA85,CP000814.1,83.333,42,3,2,30,67,1333340,1333381,3.13E-04,40.1
CjSA85,CP000814.1,90.909,22,2,0,73,94,375982,375961,0.047,31.9
CjSA86,CP000814.1,90.426,188,8,5,1,184,1131770,1131589,5.75E-66,245
CjSA86,CP000814.1,91.304,23,2,0,2,24,233658,233680,0.019,33.7
CjSA86,CP000814.1,91.304,23,2,0,49,71,1028187,1028209,0.019,33.7
CjSA87,CP000814.1,98.571,140,2,0,1,140,1140596,1140735,4.10E-66,244
CjSA87,CP000814.1,83.871,31,5,0,51,81,612433,612463,0.013,34.6
CjSA87,CP000814.1,80.556,36,7,0,47,82,1612992,1613027,0.013,34.6
CjSA87,CP000814.1,95,20,1,0,96,115,316246,316227,0.047,32.8
CjSA87,CP000814.1,95,20,1,0,53,72,638507,638526,0.047,32.8
CjSA87,CP000814.1,100,17,0,0,51,67,816464,816480,0.047,31.9
CjSA88,CP000814.1,100,142,0,0,1,142,1148712,1148853,6.61E-70,257
CjSA88,CP000814.1,90,30,2,1,5,34,1283232,1283260,0.001,38.3
CjSA88,CP000814.1,95.455,22,1,0,12,33,1323169,1323190,0.004,36.5
CjSA88,CP000814.1,95.455,22,1,0,13,34,1459116,1459137,0.004,36.5
CjSA88,CP000814.1,87.097,31,3,1,1,31,312257,312228,0.004,35.6
CjSA88,CP000814.1,95.238,21,1,0,14,34,1532732,1532752,0.014,34.6
CjSA88,CP000814.1,100,18,0,0,17,34,61890,61873,0.014,33.7
CjSA88,CP000814.1,91.304,23,2,0,12,34,134840,134818,0.014,33.7
CjSA88,CP000814.1,91.304,23,2,0,7,29,805405,805383,0.014,33.7
CjSA88,CP000814.1,92,25,1,1,11,35,940403,940380,0.014,33.7
CjSA88,CP000814.1,82.857,35,5,1,1,34,1186412,1186378,0.014,33.7
CjSA88,CP000814.1,91.304,23,2,0,19,41,1613303,1613325,0.014,33.7
CjSA88,CP000814.1,84.375,32,4,1,4,34,107877,107908,0.048,32.8
CjSA88,CP000814.1,95.455,22,0,1,11,31,311061,311040,0.048,32.8
CjSA88,CP000814.1,81.818,33,2,1,6,34,577920,577952,0.048,32.8
CjSA88,CP000814.1,95,20,1,0,12,31,1439395,1439414,0.048,32.8
CjSA88,CP000814.1,90.909,22,2,0,2,23,564069,564048,0.048,31.9
CjSA88,CP000814.1,81.818,33,3,1,2,31,975714,975682,0.048,31.9
CjSA88,CP000814.1,90.909,22,2,0,52,73,994358,994379,0.048,31.9
CjSA88,CP000814.1,100,17,0,0,18,34,1349190,1349174,0.048,31.9
CjSA88,CP000814.1,85.185,27,4,0,3,29,1506574,1506548,0.048,31.9
CjSA88,CP000814.1,90.909,22,2,0,7,28,1523012,1522991,0.048,31.9
CjSA89,CP000814.1,100,107,0,0,1,107,1169979,1169873,4.86E-51,194
CjSA89,CP000814.1,100,18,0,0,84,101,196333,196350,0.01,33.7
CjSA89,CP000814.1,83.871,31,2,1,63,93,672629,672602,0.035,32.8
CjSA90,CP000814.1,97.938,97,2,0,1,97,1171771,1171867,5.85E-43,167
CjSA91,CP000814.1,98.925,186,2,0,1,186,1200515,1200700,6.06E-91,327
CjSA93,CP000814.1,100,73,0,0,1,73,1209854,1209926,8.31E-33,132
CjSA94,CP000814.1,99.324,148,1,0,1,148,1214218,1214071,1.63E-71,263
CjSA94,CP000814.1,91.304,23,2,0,75,97,870387,870365,0.014,33.7
CjSA94,CP000814.1,82.353,34,3,1,67,97,1226950,1226983,0.014,33.7
CjSA97,CP000814.1,99.693,326,1,0,1,326,1293569,1293244,9.14E-168,584
CjSA97,CP000814.1,92,25,1,1,107,130,11244,11220,0.034,33.7
CjSA97,CP000814.1,88.889,27,1,1,62,86,280568,280594,0.034,33.7
CjSA98,CP000814.1,98.943,473,5,0,1,473,1319574,1320046,0,831
CjSA99,CP000814.1,87.013,77,10,0,1,77,1326567,1326491,2.40E-21,95.1
CjSA99,CP000814.1,100,19,0,0,59,77,322908,322926,0.002,35.6
CjSA100,CP000814.1,100,74,0,0,1,74,645381,645308,2.42E-33,134
CjSA101,CP000814.1,83.784,37,3,2,155,189,1317947,1317912,0.031,34.6
CjSA102,CP000814.1,100,94,0,0,1,94,1435715,1435622,4.61E-44,170
CjSA102,CP000814.1,92.857,28,1,1,61,88,1140535,1140509,1.97E-04,39.2
CjSA102,CP000814.1,84.848,33,5,0,59,91,878795,878827,6.86E-04,38.3
CjSA102,CP000814.1,88.462,26,3,0,17,42,251560,251585,0.008,34.6
CjSA102,CP000814.1,91.304,23,2,0,59,81,974830,974808,0.008,33.7
CjSA102,CP000814.1,83.333,30,5,0,65,94,53461,53490,0.029,32.8
CjSA102,CP000814.1,88,25,3,0,61,85,75058,75034,0.029,32.8
CjSA102,CP000814.1,80,35,7,0,21,55,1435661,1435695,0.029,32.8
CjSA102,CP000814.1,76.744,43,7,1,53,92,143585,143627,0.029,31.9
CjSA102,CP000814.1,90.909,22,2,0,61,82,172617,172596,0.029,31.9
CjSA102,CP000814.1,83.333,36,4,2,16,50,1317948,1317914,0.029,31.9
CjSA102,CP000814.1,90.909,22,2,0,16,37,1453403,1453424,0.029,31.9
CjSA102,CP000814.1,100,17,0,0,61,77,1461501,1461517,0.029,31.9
CjSA103,CP000814.1,86.512,430,37,10,24,442,1440981,1441400,7.47E-139,489
CjSA103,CP000814.1,79.832,238,40,4,25,258,1440916,1441149,4.43E-53,203
CjSA103,CP000814.1,77.647,255,31,8,16,258,1440777,1441017,2.80E-49,191
CjSA103,CP000814.1,76.543,243,37,6,26,258,1440719,1440951,7.50E-44,173
CjSA103,CP000814.1,77.459,244,37,9,25,259,1440850,1441084,9.14E-43,168
CjSA103,CP000814.1,81.503,173,24,5,25,193,1441048,1441216,7.03E-38,153
CjSA103,CP000814.1,76.301,173,29,5,92,258,1440719,1440885,5.06E-27,116
CjSA103,CP000814.1,83.654,104,17,0,23,126,1441112,1441215,2.15E-25,112
CjSA103,CP000814.1,82.075,106,9,4,158,258,1440719,1440819,4.74E-21,97.8
CjSA103,CP000814.1,97.436,39,1,0,224,262,1440719,1440757,8.03E-12,67.1
CjSA103,CP000814.1,100,36,0,0,25,60,1441180,1441215,8.03E-12,66.2
CjSA103,CP000814.1,96.429,28,1,0,331,358,1441138,1441111,7.52E-06,47.3
CjSA103,CP000814.1,79.661,59,6,3,291,348,1231404,1231351,2.62E-05,45.5
CjSA103,CP000814.1,96.296,27,1,0,331,357,1440808,1440782,2.62E-05,45.5
CjSA103,CP000814.1,68.841,138,30,5,224,354,1441312,1441181,2.62E-05,45.5
CjSA103,CP000814.1,96.296,27,1,0,23,49,1441315,1441289,2.62E-05,45.5
CjSA103,CP000814.1,100,24,0,0,331,354,1440742,1440719,2.62E-05,44.6
CjSA103,CP000814.1,100,24,0,0,331,354,1440874,1440851,2.62E-05,44.6
CjSA103,CP000814.1,100,24,0,0,331,354,1440940,1440917,2.62E-05,44.6
CjSA103,CP000814.1,100,24,0,0,331,354,1441006,1440983,2.62E-05,44.6
CjSA103,CP000814.1,100,24,0,0,331,354,1441072,1441049,2.62E-05,44.6
CjSA103,CP000814.1,100,24,0,0,158,181,1441312,1441289,2.62E-05,44.6
CjSA103,CP000814.1,100,24,0,0,92,115,1441312,1441289,2.62E-05,44.6
CjSA103,CP000814.1,79.167,48,7,2,298,345,298327,298371,0.014,36.5
CjSA103,CP000814.1,86.207,29,4,0,44,72,55942,55914,0.014,35.6
CjSA103,CP000814.1,86.207,29,4,0,239,267,790634,790662,0.014,35.6
CjSA103,CP000814.1,82.857,35,4,1,405,437,473533,473499,0.047,34.6
CjSA103,CP000814.1,83.871,31,5,0,254,284,1344228,1344258,0.047,34.6
CjSA103,CP000814.1,100,18,0,0,300,317,18796,18779,0.047,33.7
CjSA103,CP000814.1,85.714,28,4,0,327,354,1578296,1578323,0.047,33.7
CjSA104,CP000814.1,99.597,248,1,0,1,248,1481201,1481448,1.50E-125,444
CjSA104,CP000814.1,100,57,0,0,1,57,154488,154544,1.72E-23,104
CjSA104,CP000814.1,98.246,57,1,0,1,57,241765,241709,7.31E-22,99.6
CjSA104,CP000814.1,96.154,26,0,1,104,129,177470,177494,6.00E-04,40.1
CjSA104,CP000814.1,82.051,39,5,1,170,206,69761,69723,0.002,37.4
CjSA104,CP000814.1,95.455,22,1,0,103,124,596689,596710,0.007,36.5
CjSA104,CP000814.1,95.455,22,1,0,172,193,1213497,1213476,0.007,36.5
CjSA104,CP000814.1,81.395,43,5,2,107,148,1452420,1452460,0.007,36.5
CjSA104,CP000814.1,82.857,35,5,1,88,122,782772,782805,0.026,33.7
CjSA104,CP000814.1,86.207,29,1,1,103,128,1098198,1098226,0.026,33.7
CjSA104,CP000814.1,91.304,23,2,0,102,124,1279049,1279027,0.026,33.7
CjSA105,CP000814.1,99.539,217,1,0,1,217,1526557,1526773,8.77E-109,388
CjSA105,CP000814.1,95.833,24,1,0,161,184,100817,100794,5.21E-04,40.1
CjSA105,CP000814.1,89.286,28,2,1,156,183,970685,970659,0.022,34.6
CjSA105,CP000814.1,88.462,26,3,0,166,191,1622127,1622102,0.022,34.6
CjSA105,CP000814.1,91.304,23,2,0,176,198,360765,360787,0.022,33.7
CjSA106,CP000814.1,99.419,344,2,0,1,344,1531328,1531671,2.00E-176,612
CjSA106,CP000814.1,100,21,0,0,56,76,474277,474297,8.55E-04,39.2
CjSA106,CP000814.1,92.308,26,2,0,62,87,1174778,1174753,8.55E-04,39.2
CjSA106,CP000814.1,95.455,22,1,0,54,75,936718,936739,0.01,36.5
CjSA106,CP000814.1,95.455,22,1,0,192,213,1425864,1425843,0.01,36.5
CjSA106,CP000814.1,95.455,22,1,0,55,76,1569960,1569939,0.01,36.5
CjSA106,CP000814.1,82.353,34,6,0,293,326,1378545,1378578,0.01,35.6
CjSA106,CP000814.1,89.286,28,2,1,56,83,788198,788224,0.036,34.6
CjSA106,CP000814.1,80.952,42,5,2,233,271,932005,931964,0.036,34.6
CjSA106,CP000814.1,83.871,31,5,0,56,86,940656,940686,0.036,34.6
CjSA106,CP000814.1,91.304,23,2,0,104,126,490367,490389,0.036,33.7
CjSA106,CP000814.1,91.304,23,2,0,53,75,672230,672252,0.036,33.7
CjSA106,CP000814.1,92,25,1,1,55,79,777887,777864,0.036,33.7
CjSA106,CP000814.1,86.667,30,3,1,56,85,1162520,1162548,0.036,33.7
CjSA106,CP000814.1,92.593,27,0,2,58,82,1195678,1195704,0.036,33.7
CjSA106,CP000814.1,91.304,23,2,0,232,254,1305572,1305594,0.036,33.7
CjSA107,CP000814.1,98.63,511,7,0,1,511,1535456,1535966,0,891
CjSA107,CP000814.1,81.818,44,7,1,438,480,143594,143637,3.71E-04,41
CjSA107,CP000814.1,81.818,44,5,2,417,459,809958,809999,0.005,38.3
CjSA107,CP000814.1,100,20,0,0,289,308,401424,401443,0.005,37.4
CjSA107,CP000814.1,91.667,24,2,0,434,457,1057718,1057695,0.016,35.6
CjSA108,CP000814.1,98.765,324,3,1,1,323,1547754,1548077,8.48E-162,563
CjSA108,CP000814.1,100,22,0,0,2,23,100739,100760,2.29E-04,41
CjSA108,CP000814.1,95.455,22,1,0,256,277,227669,227648,0.01,36.5
CjSA108,CP000814.1,95.455,22,1,0,262,283,280835,280814,0.01,36.5
CjSA108,CP000814.1,79.545,44,5,2,228,271,790817,790856,0.034,34.6
CjSA109,CP000814.1,99.145,117,0,1,1,116,1563093,1563209,1.01E-53,204
CjSA109,CP000814.1,91.304,23,2,0,78,100,1178984,1179006,0.011,33.7
CjSA110,CP000814.1,97.297,185,4,1,1,184,1563337,1563153,5.61E-85,308
CjSA110,CP000814.1,82.716,81,4,4,70,145,1563192,1563267,6.01E-15,75.2
CjSA110,CP000814.1,95.455,22,1,0,124,145,527703,527724,0.005,36.5
CjSA110,CP000814.1,73.214,56,8,1,44,99,553229,553277,0.005,36.5
CjSA110,CP000814.1,81.395,43,6,2,98,139,916914,916955,0.005,35.6
CjSA110,CP000814.1,91.304,23,2,0,144,166,1179006,1178984,0.018,33.7
CjSA110,CP000814.1,91.304,23,2,0,68,90,1347068,1347046,0.018,33.7
CjSA112,CP000814.1,83.333,72,11,1,13,83,880302,880231,8.11E-15,73.4
CjSA112,CP000814.1,81.132,53,6,3,2,52,968309,968259,4.79E-05,41.9
CjSA112,CP000814.1,87.097,31,4,0,6,36,1499003,1498973,1.67E-04,39.2
CjSA112,CP000814.1,84.848,33,0,2,1,33,1577673,1577700,0.007,33.7
CjSA113,CP000814.1,99.346,153,1,0,1,153,1586703,1586551,3.27E-74,272
CjSA115,CP000814.1,99.415,342,2,0,1,342,1622842,1622501,2.42E-175,609
CjSA115,CP000814.1,80.392,51,8,2,265,313,317521,317471,2.44E-04,41
CjSA115,CP000814.1,92.857,28,1,1,227,254,1344652,1344678,8.50E-04,39.2
CjSA115,CP000814.1,82.051,39,6,1,271,309,546478,546515,0.01,36.5
CjSA115,CP000814.1,87.097,31,3,1,178,208,312301,312272,0.01,35.6
CjSA115,CP000814.1,88.462,26,3,0,201,226,54339,54314,0.036,34.6
CjSA115,CP000814.1,88.462,26,3,0,256,281,95218,95193,0.036,34.6
CjSA115,CP000814.1,76.744,43,10,0,132,174,539144,539102,0.036,33.7
CjSA115,CP000814.1,100,18,0,0,183,200,1018675,1018692,0.036,33.7
CjSA115,CP000814.1,100,18,0,0,281,298,1039922,1039939,0.036,33.7
CjSA115,CP000814.1,91.304,23,2,0,196,218,1346723,1346701,0.036,33.7
CjSA115,CP000814.1,91.304,23,2,0,196,218,1346831,1346809,0.036,33.7
CjSA115,CP000814.1,75.51,49,9,1,238,283,1358034,1358082,0.036,33.7
CjSA115,CP000814.1,74.138,58,10,2,148,203,1362368,1362422,0.036,33.7
CjSA116,CP000814.1,98,100,1,1,1,99,1624711,1624612,4.79E-43,168
CjSA116,CP000814.1,76.471,68,13,2,128,193,311106,311040,1.37E-05,45.5
CjSA116,CP000814.1,86.207,29,4,0,175,203,1479206,1479178,0.007,35.6
CjSA116,CP000814.1,78.261,46,6,2,169,212,135585,135542,0.025,33.7
CjSA116,CP000814.1,86.207,29,1,1,166,194,975706,975681,0.025,33.7
CjSA116,CP000814.1,77.551,49,8,2,154,202,1149929,1149974,0.025,33.7