CjSA1,CP001876.1,99.69,323,1,0,1,323,4604,4926,3.86E-166,579
CjSA1,CP001876.1,100,27,0,0,293,319,4922,4896,4.44E-07,50
CjSA1,CP001876.1,89.655,29,3,0,293,321,670575,670547,8.03E-04,40.1
CjSA1,CP001876.1,90,30,2,1,4,33,284656,284684,0.003,38.3
CjSA1,CP001876.1,88.462,26,3,0,294,319,670550,670575,0.034,34.6
CjSA2,CP001876.1,100,112,0,0,1,112,8103,8214,9.75E-54,203
CjSA2,CP001876.1,88.889,27,1,1,41,65,1332930,1332904,0.01,33.7
CjSA2,CP001876.1,90.909,22,2,0,46,67,183389,183368,0.036,31.9
CjSA2,CP001876.1,90.909,22,2,0,50,71,718747,718768,0.036,31.9
CjSA2,CP001876.1,78.378,37,8,0,39,75,900182,900146,0.036,31.9
CjSA3,CP001876.1,100,116,0,0,1,116,13687,13572,6.78E-56,210
CjSA3,CP001876.1,100,18,0,0,58,75,741038,741055,0.011,33.7
CjSA3,CP001876.1,86.207,29,3,1,47,75,14821,14794,0.038,31.9
CjSA3,CP001876.1,91.667,24,1,1,3,26,1167878,1167900,0.038,31.9
CjSA4,CP001876.1,92.523,107,8,0,1,107,38825,38719,3.44E-40,158
CjSA4,CP001876.1,97.619,42,1,0,1,42,699642,699601,3.93E-14,72.5
CjSA4,CP001876.1,73.077,52,0,1,1,52,398355,398318,2.32E-04,40.1
CjSA4,CP001876.1,83.871,31,3,1,45,73,438413,438443,0.034,31.9
CjSA5,CP001876.1,100,127,0,0,1,127,39085,39211,8.08E-62,230
CjSA5,CP001876.1,100,127,0,0,1,127,398615,398741,8.08E-62,230
CjSA5,CP001876.1,100,127,0,0,1,127,699902,700028,8.08E-62,230
CjSA5,CP001876.1,88.571,35,3,1,14,48,40856,40823,2.32E-05,42.8
CjSA5,CP001876.1,88.571,35,3,1,14,48,400386,400353,2.32E-05,42.8
CjSA5,CP001876.1,88.571,35,3,1,14,48,701673,701640,2.32E-05,42.8
CjSA5,CP001876.1,100,18,0,0,110,127,39024,39041,0.012,33.7
CjSA5,CP001876.1,100,18,0,0,110,127,398554,398571,0.012,33.7
CjSA5,CP001876.1,100,18,0,0,110,127,699841,699858,0.012,33.7
CjSA5,CP001876.1,82.353,34,4,1,96,127,116462,116429,0.042,32.8
CjSA5,CP001876.1,88.462,26,1,1,91,116,662078,662101,0.042,31.9
CjSA5,CP001876.1,100,17,0,0,103,119,1462451,1462435,0.042,31.9
CjSA7,CP001876.1,100,208,0,0,1,208,41211,41418,1.52E-105,376
CjSA7,CP001876.1,100,208,0,0,1,208,400741,400948,1.52E-105,376
CjSA7,CP001876.1,100,208,0,0,1,208,702028,702235,1.52E-105,376
CjSA7,CP001876.1,76.786,56,8,2,49,101,1234056,1234109,4.99E-04,39.2
CjSA7,CP001876.1,85.714,28,4,0,38,65,1326141,1326168,0.021,33.7
CjSA9,CP001876.1,100,185,0,0,1,185,66873,67057,4.08E-93,334
CjSA11,CP001876.1,94.373,391,6,2,1,376,67461,67072,2.20E-176,612
CjSA11,CP001876.1,100,18,0,0,201,218,1410913,1410896,0.04,33.7
CjSA12,CP001876.1,100,271,0,0,1,271,82188,82458,1.27E-139,489
CjSA12,CP001876.1,77.273,44,10,0,57,100,412771,412814,0.008,35.6
CjSA12,CP001876.1,100,19,0,0,222,240,1055059,1055041,0.008,35.6
CjSA12,CP001876.1,91.667,24,2,0,226,249,1207752,1207729,0.008,35.6
CjSA12,CP001876.1,91.667,24,2,0,58,81,1580303,1580326,0.008,35.6
CjSA12,CP001876.1,74.545,55,12,1,13,67,250109,250057,0.028,34.6
CjSA12,CP001876.1,100,18,0,0,210,227,282391,282374,0.028,33.7
CjSA12,CP001876.1,84.375,32,3,1,198,227,1205983,1205952,0.028,33.7
CjSA13,CP001876.1,100,136,0,0,1,136,83332,83467,1.14E-66,246
CjSA13,CP001876.1,100,20,0,0,112,131,83462,83443,0.001,37.4
CjSA13,CP001876.1,92,25,0,1,46,68,1524954,1524978,0.013,34.6
CjSA13,CP001876.1,84.375,32,4,1,45,76,183711,183681,0.046,32.8
CjSA13,CP001876.1,81.818,33,2,1,98,126,857320,857352,0.046,32.8
CjSA13,CP001876.1,90.909,22,2,0,113,134,100553,100574,0.046,31.9
CjSA13,CP001876.1,85.185,27,4,0,110,136,169119,169145,0.046,31.9
CjSA13,CP001876.1,91.667,24,1,1,1,24,488761,488739,0.046,31.9
CjSA14,CP001876.1,99.038,104,1,0,1,104,94487,94590,8.34E-48,184
CjSA14,CP001876.1,100,24,0,0,57,80,1536045,1536022,5.27E-06,44.6
CjSA14,CP001876.1,100,22,0,0,2,23,1557070,1557091,6.42E-05,41
CjSA14,CP001876.1,95.238,21,1,0,1,21,1274313,1274333,0.01,34.6
CjSA14,CP001876.1,95,20,1,0,53,72,76956,76975,0.033,32.8
CjSA14,CP001876.1,95,20,1,0,1,20,230549,230568,0.033,32.8
CjSA14,CP001876.1,91.667,24,1,1,42,64,1570318,1570295,0.033,31.9
CjSA16,CP001876.1,99.351,308,2,0,1,308,132589,132282,6.22E-157,547
CjSA16,CP001876.1,87.5,32,3,1,78,108,808478,808509,0.003,37.4
CjSA16,CP001876.1,86.207,29,4,0,133,161,454529,454501,0.009,35.6
CjSA16,CP001876.1,78.571,42,6,1,235,273,1486972,1487013,0.032,34.6
CjSA16,CP001876.1,100,18,0,0,86,103,1247879,1247896,0.032,33.7
CjSA18,CP001876.1,96.42,419,0,1,1,404,165854,166272,0,698
CjSA18,CP001876.1,96.774,31,1,0,39,69,165922,165892,1.61E-07,52.7
CjSA18,CP001876.1,95.238,21,1,0,262,282,614925,614945,0.043,34.6
CjSA18,CP001876.1,91.304,23,2,0,237,259,919503,919481,0.043,33.7
CjSA18,CP001876.1,86.667,30,3,1,238,267,1291914,1291886,0.043,33.7
CjSA20,CP001876.1,100,96,0,0,1,96,218055,217960,3.91E-45,174
CjSA20,CP001876.1,88,25,3,0,72,96,1249980,1250004,0.03,32.8
CjSA20,CP001876.1,90.909,22,2,0,60,81,1132181,1132202,0.03,31.9
CjSA21,CP001876.1,100,347,0,0,1,347,231425,231771,0,627
CjSA21,CP001876.1,77.953,127,28,0,216,342,148464,148338,2.48E-23,104
CjSA21,CP001876.1,77.953,127,28,0,216,342,243631,243757,2.48E-23,104
CjSA21,CP001876.1,77.165,127,29,0,216,342,1491170,1491044,1.06E-21,99.6
CjSA21,CP001876.1,81.319,91,17,0,242,332,24040,24130,1.91E-18,88.7
CjSA21,CP001876.1,81.111,90,17,0,246,335,1438587,1438676,6.66E-18,86.9
CjSA21,CP001876.1,76.415,106,25,0,237,342,420342,420447,9.88E-16,79.7
CjSA21,CP001876.1,78.481,79,17,0,257,335,1046368,1046446,6.24E-12,67.1
CjSA22,CP001876.1,97.744,133,3,0,1,133,250078,249946,1.04E-60,227
CjSA22,CP001876.1,80.952,42,7,1,40,81,738372,738412,0.001,37.4
CjSA22,CP001876.1,89.286,28,2,1,81,107,405016,405043,0.013,34.6
CjSA22,CP001876.1,92,25,1,1,25,48,1448809,1448833,0.013,33.7
CjSA22,CP001876.1,95,20,1,0,75,94,277932,277951,0.044,32.8
CjSA22,CP001876.1,95,20,1,0,76,95,458784,458765,0.044,32.8
CjSA22,CP001876.1,90.909,22,2,0,51,72,552908,552929,0.044,31.9
CjSA22,CP001876.1,78.378,37,8,0,30,66,785686,785650,0.044,31.9
CjSA22,CP001876.1,100,17,0,0,83,99,978403,978419,0.044,31.9
CjSA23,CP001876.1,100,98,0,0,1,98,299033,299130,3.29E-46,178
CjSA23,CP001876.1,86.111,36,2,2,15,49,1020662,1020695,7.26E-04,37.4
CjSA24,CP001876.1,98,150,3,0,1,150,307531,307680,7.07E-70,258
CjSA24,CP001876.1,92.857,28,1,1,70,97,34703,34729,3.44E-04,39.2
CjSA25,CP001876.1,99.191,371,3,0,2,372,307730,308100,0,656
CjSA26,CP001876.1,95.152,330,16,0,1,330,308457,308786,7.64E-150,524
CjSA26,CP001876.1,91.667,24,2,0,249,272,301590,301613,0.01,35.6
CjSA26,CP001876.1,100,18,0,0,277,294,76212,76195,0.035,33.7
CjSA26,CP001876.1,91.304,23,2,0,304,326,798971,798949,0.035,33.7
CjSA27,CP001876.1,100,167,0,0,1,167,313154,313320,2.15E-83,302
CjSA27,CP001876.1,91.304,23,2,0,142,164,25099,25121,0.017,33.7
CjSA28,CP001876.1,99.16,238,2,0,1,238,325385,325622,4.70E-119,421
CjSA30,CP001876.1,100,75,0,0,1,75,380687,380761,7.10E-34,136
CjSA30,CP001876.1,100,18,0,0,22,39,662487,662504,0.006,33.7
CjSA30,CP001876.1,100,17,0,0,22,38,105951,105967,0.022,31.9
CjSA31,CP001876.1,100,115,0,0,1,115,387971,388085,2.37E-55,208
CjSA31,CP001876.1,85.366,41,3,2,75,115,388088,388051,7.26E-05,41.9
CjSA31,CP001876.1,100,18,0,0,88,105,990052,990035,0.011,33.7
CjSA31,CP001876.1,95,20,1,0,39,58,245615,245596,0.038,32.8
CjSA32,CP001876.1,100,255,0,0,1,255,389826,390080,5.78E-131,461
CjSA32,CP001876.1,90,30,3,0,196,225,983890,983861,1.78E-04,41.9
CjSA32,CP001876.1,86.207,29,4,0,125,153,319968,319940,0.008,35.6
CjSA32,CP001876.1,85.714,35,3,2,135,168,1343367,1343334,0.026,34.6
CjSA32,CP001876.1,86.207,29,1,1,88,113,1073345,1073373,0.026,33.7
CjSA32,CP001876.1,86.207,29,1,1,88,113,1075554,1075582,0.026,33.7
CjSA33,CP001876.1,100,260,0,0,1,260,390205,390464,1.14E-133,470
CjSA33,CP001876.1,86.667,30,4,0,169,198,1152585,1152556,0.002,37.4
CjSA33,CP001876.1,100,19,0,0,100,118,957930,957948,0.008,35.6
CjSA33,CP001876.1,91.304,23,2,0,34,56,299495,299517,0.027,33.7
CjSA34,CP001876.1,100,313,0,0,1,313,390646,390958,2.36E-162,565
CjSA34,CP001876.1,80.435,46,5,2,17,62,532308,532267,0.003,38.3
CjSA34,CP001876.1,80.488,41,4,2,22,61,491059,491096,0.033,33.7
CjSA34,CP001876.1,91.304,23,2,0,16,38,951628,951650,0.033,33.7
CjSA34,CP001876.1,85.714,28,4,0,12,39,1261394,1261367,0.033,33.7
CjSA34,CP001876.1,85.714,28,4,0,13,40,1361896,1361923,0.033,33.7
CjSA35,CP001876.1,100,420,0,0,1,420,394524,394943,0,758
CjSA35,CP001876.1,88.889,27,3,0,88,114,279287,279261,0.013,36.5
CjSA35,CP001876.1,88.889,27,3,0,265,291,317086,317060,0.013,36.5
CjSA35,CP001876.1,95.238,21,1,0,87,107,53182,53162,0.045,34.6
CjSA35,CP001876.1,91.304,23,2,0,123,145,268413,268391,0.045,33.7
CjSA35,CP001876.1,100,18,0,0,281,298,727639,727622,0.045,33.7
CjSA35,CP001876.1,91.304,23,2,0,122,144,1013959,1013937,0.045,33.7
CjSA35,CP001876.1,82.857,35,5,1,279,313,1166502,1166535,0.045,33.7
CjSA36,CP001876.1,100,223,0,0,1,223,395469,395691,1.18E-113,403
CjSA36,CP001876.1,85.294,34,4,1,190,223,784689,784657,0.007,36.5
CjSA36,CP001876.1,91.667,24,2,0,200,223,1262788,1262811,0.007,35.6
CjSA36,CP001876.1,100,18,0,0,185,202,860385,860368,0.023,33.7
CjSA36,CP001876.1,91.304,23,2,0,92,114,1375753,1375731,0.023,33.7
CjSA37,CP001876.1,99.736,379,1,0,1,379,38888,39266,0,680
CjSA37,CP001876.1,99.736,379,1,0,1,379,398418,398796,0,680
CjSA37,CP001876.1,99.736,379,1,0,1,379,699705,700083,0,680
CjSA37,CP001876.1,88.571,35,3,1,211,245,40856,40823,7.82E-05,42.8
CjSA37,CP001876.1,88.571,35,3,1,211,245,400386,400353,7.82E-05,42.8
CjSA37,CP001876.1,88.571,35,3,1,211,245,701673,701640,7.82E-05,42.8
CjSA37,CP001876.1,78.261,46,7,1,150,195,179407,179449,0.003,37.4
CjSA37,CP001876.1,89.286,28,2,1,20,47,125712,125738,0.04,34.6
CjSA37,CP001876.1,82.051,39,4,2,9,44,1140633,1140595,0.04,33.7
CjSA39,CP001876.1,99.775,445,0,1,1,445,41211,41654,0,795
CjSA39,CP001876.1,99.775,445,0,1,1,445,400741,401184,0,795
CjSA39,CP001876.1,99.775,445,0,1,1,445,702028,702471,0,795
CjSA39,CP001876.1,93.103,29,2,0,308,336,44511,44483,2.65E-05,44.6
CjSA39,CP001876.1,93.103,29,2,0,308,336,404041,404013,2.65E-05,44.6
CjSA39,CP001876.1,93.103,29,2,0,308,336,705328,705300,2.65E-05,44.6
CjSA39,CP001876.1,81.818,44,3,2,205,247,1216974,1216935,0.001,40.1
CjSA39,CP001876.1,76.786,56,8,2,49,101,1234056,1234109,0.001,39.2
CjSA39,CP001876.1,86.207,29,4,0,287,315,917428,917456,0.014,35.6
CjSA39,CP001876.1,85.714,28,4,0,38,65,1326141,1326168,0.048,33.7
CjSA41,CP001876.1,99.751,402,1,0,1,402,404477,404878,0,721
CjSA42,CP001876.1,100,151,0,0,1,151,413527,413677,9.27E-75,273
CjSA42,CP001876.1,85.714,28,4,0,40,67,1120039,1120012,0.015,33.7
CjSA42,CP001876.1,75,48,12,0,63,110,1214000,1213953,0.015,33.7
CjSA43,CP001876.1,100,120,0,0,1,120,423066,423185,4.76E-58,217
CjSA43,CP001876.1,95.238,21,1,0,100,120,887771,887751,0.011,34.6
CjSA44,CP001876.1,100,87,0,0,1,87,431152,431238,2.65E-40,158
CjSA44,CP001876.1,86.111,36,5,0,46,81,638711,638676,1.47E-05,43.7
CjSA44,CP001876.1,100,19,0,0,9,27,1086172,1086154,0.002,35.6
CjSA44,CP001876.1,88,25,3,0,8,32,690506,690530,0.027,32.8
CjSA44,CP001876.1,100,17,0,0,9,25,3261,3277,0.027,31.9
CjSA44,CP001876.1,100,17,0,0,70,86,376338,376354,0.027,31.9
CjSA44,CP001876.1,100,17,0,0,7,23,477072,477088,0.027,31.9
CjSA45,CP001876.1,100,97,0,0,1,97,434921,435017,1.13E-45,176
CjSA45,CP001876.1,90.909,22,2,0,35,56,884681,884660,0.03,31.9
CjSA47,CP001876.1,100,159,0,0,1,159,442374,442532,4.47E-79,288
CjSA48,CP001876.1,100,237,0,0,1,237,443349,443585,3.16E-121,428
CjSA48,CP001876.1,100,18,0,0,138,155,1397768,1397785,0.024,33.7
CjSA49,CP001876.1,100,102,0,0,1,102,464933,465034,2.33E-48,185
CjSA49,CP001876.1,77.586,58,11,1,8,65,829025,829080,5.14E-06,44.6
CjSA49,CP001876.1,77.586,58,11,1,8,65,1547058,1547113,5.14E-06,44.6
CjSA49,CP001876.1,91.667,24,2,0,4,27,1587917,1587894,0.003,35.6
CjSA49,CP001876.1,90.909,22,2,0,77,98,539515,539536,0.032,31.9
CjSA50,CP001876.1,100,360,0,0,1,360,470141,470500,0,650
CjSA51,CP001876.1,100,369,0,0,1,369,518171,517803,0,666
CjSA51,CP001876.1,95.455,22,1,0,36,57,1304077,1304098,0.011,36.5
CjSA51,CP001876.1,91.304,23,2,0,29,51,459439,459461,0.039,33.7
CjSA51,CP001876.1,100,18,0,0,34,51,895149,895166,0.039,33.7
CjSA51,CP001876.1,100,18,0,0,34,51,1089554,1089571,0.039,33.7
CjSA53,CP001876.1,100,97,0,0,1,97,518943,519039,1.13E-45,176
CjSA53,CP001876.1,100,19,0,0,51,69,11462,11480,0.003,35.6
CjSA53,CP001876.1,91.304,23,2,0,57,79,910333,910311,0.009,33.7
CjSA54,CP001876.1,100,116,0,0,1,116,533370,533255,6.78E-56,210
CjSA54,CP001876.1,90,30,1,1,46,73,452387,452416,2.53E-04,39.2
CjSA54,CP001876.1,89.655,29,2,1,47,75,936949,936922,0.003,36.5
CjSA54,CP001876.1,87.097,31,3,1,42,71,1148405,1148375,0.003,35.6
CjSA54,CP001876.1,95.238,21,1,0,78,98,116843,116863,0.011,34.6
CjSA54,CP001876.1,95.455,22,0,1,42,63,128001,128021,0.038,32.8
CjSA54,CP001876.1,95,20,1,0,46,65,1387559,1387540,0.038,32.8
CjSA55,CP001876.1,100,120,0,0,1,120,557860,557741,4.76E-58,217
CjSA56,CP001876.1,77.551,49,11,0,1,49,1594533,1594581,8.96E-04,40.1
CjSA56,CP001876.1,77.273,44,7,1,62,105,827338,827298,0.038,33.7
CjSA58,CP001876.1,100,153,0,0,1,153,643626,643778,7.73E-76,277
CjSA59,CP001876.1,100,120,0,0,1,120,645501,645620,4.76E-58,217
CjSA59,CP001876.1,82.927,41,6,1,2,42,658820,658781,2.64E-04,40.1
CjSA60,CP001876.1,98.876,445,5,0,1,445,647857,648301,0,781
CjSA60,CP001876.1,86.486,37,5,0,401,437,648293,648257,2.65E-05,45.5
CjSA60,CP001876.1,75,64,13,2,373,435,325392,325453,0.004,38.3
CjSA60,CP001876.1,84.375,32,5,0,392,423,1618308,1618339,0.014,36.5
CjSA60,CP001876.1,86.207,29,4,0,395,423,152193,152165,0.014,35.6
CjSA60,CP001876.1,84.848,33,3,1,296,326,455695,455727,0.014,35.6
CjSA60,CP001876.1,77.083,48,5,2,398,445,136860,136819,0.048,34.6
CjSA61,CP001876.1,100,151,0,0,1,151,652663,652813,9.27E-75,273
CjSA61,CP001876.1,89.286,28,1,1,47,72,742723,742696,0.004,35.6
CjSA61,CP001876.1,86.207,29,4,0,53,81,1485178,1485206,0.004,35.6
CjSA61,CP001876.1,95.238,21,1,0,67,87,325366,325346,0.015,34.6
CjSA62,CP001876.1,100,113,0,0,1,113,660646,660534,2.82E-54,205
CjSA62,CP001876.1,100,18,0,0,65,82,845307,845290,0.011,33.7
CjSA62,CP001876.1,100,17,0,0,8,24,153472,153488,0.037,31.9
CjSA62,CP001876.1,100,17,0,0,87,103,1236594,1236610,0.037,31.9
CjSA63,CP001876.1,100,97,0,0,1,97,665447,665351,1.13E-45,176
CjSA63,CP001876.1,100,17,0,0,6,22,639179,639195,0.03,31.9
CjSA64,CP001876.1,100,335,0,0,1,335,675450,675116,2.89E-174,605
CjSA64,CP001876.1,95.455,22,1,0,1,22,307115,307136,0.01,36.5
CjSA64,CP001876.1,81.818,33,6,0,109,141,56869,56837,0.035,33.7
CjSA64,CP001876.1,91.304,23,2,0,1,23,60841,60863,0.035,33.7
CjSA65,CP001876.1,100,98,0,0,1,98,692535,692632,3.29E-46,178
CjSA65,CP001876.1,80.952,42,7,1,1,42,1555447,1555407,7.26E-04,37.4
CjSA65,CP001876.1,100,18,0,0,14,31,729526,729543,0.009,33.7
CjSA65,CP001876.1,83.333,30,5,0,7,36,64408,64379,0.031,32.8
CjSA65,CP001876.1,83.333,30,5,0,12,41,585011,584982,0.031,32.8
CjSA65,CP001876.1,88,25,3,0,17,41,1382573,1382597,0.031,32.8
CjSA65,CP001876.1,95.455,22,0,1,4,25,1623832,1623812,0.031,32.8
CjSA65,CP001876.1,85.185,27,4,0,1,27,83477,83451,0.031,31.9
CjSA65,CP001876.1,90.909,22,2,0,4,25,514749,514770,0.031,31.9
CjSA66,CP001876.1,99.735,377,1,0,1,377,38890,39266,0,676
CjSA66,CP001876.1,99.735,377,1,0,1,377,398420,398796,0,676
CjSA66,CP001876.1,99.735,377,1,0,1,377,699707,700083,0,676
CjSA66,CP001876.1,88.571,35,3,1,209,243,40856,40823,7.77E-05,42.8
CjSA66,CP001876.1,88.571,35,3,1,209,243,400386,400353,7.77E-05,42.8
CjSA66,CP001876.1,88.571,35,3,1,209,243,701673,701640,7.77E-05,42.8
CjSA66,CP001876.1,78.261,46,7,1,148,193,179407,179449,0.003,37.4
CjSA66,CP001876.1,89.286,28,2,1,18,45,125712,125738,0.04,34.6
CjSA66,CP001876.1,82.051,39,4,2,7,42,1140633,1140595,0.04,33.7
CjSA67,CP001876.1,100,202,0,0,1,202,40752,40953,2.66E-102,365
CjSA67,CP001876.1,100,202,0,0,1,202,400282,400483,2.66E-102,365
CjSA67,CP001876.1,100,202,0,0,1,202,701569,701770,2.66E-102,365
CjSA67,CP001876.1,82.278,79,12,2,125,202,1624018,1624095,2.34E-14,73.4
CjSA67,CP001876.1,88.571,35,3,1,72,105,39132,39098,3.96E-05,42.8
CjSA67,CP001876.1,88.571,35,3,1,72,105,398662,398628,3.96E-05,42.8
CjSA67,CP001876.1,88.571,35,3,1,72,105,699949,699915,3.96E-05,42.8
CjSA67,CP001876.1,91.667,24,2,0,92,115,1393288,1393265,0.006,35.6
CjSA68,CP001876.1,99.751,401,0,1,1,401,41211,41610,0,716
CjSA68,CP001876.1,99.751,401,0,1,1,401,400741,401140,0,716
CjSA68,CP001876.1,99.751,401,0,1,1,401,702028,702427,0,716
CjSA68,CP001876.1,93.103,29,2,0,308,336,44511,44483,2.38E-05,44.6
CjSA68,CP001876.1,93.103,29,2,0,308,336,404041,404013,2.38E-05,44.6
CjSA68,CP001876.1,93.103,29,2,0,308,336,705328,705300,2.38E-05,44.6
CjSA68,CP001876.1,81.818,44,3,2,205,247,1216974,1216935,0.001,40.1
CjSA68,CP001876.1,76.786,56,8,2,49,101,1234056,1234109,0.001,39.2
CjSA68,CP001876.1,86.207,29,4,0,287,315,917428,917456,0.012,35.6
CjSA68,CP001876.1,85.714,28,4,0,38,65,1326141,1326168,0.043,33.7
CjSA70,CP001876.1,100,131,0,0,1,131,726417,726287,5.65E-64,237
CjSA71,CP001876.1,100,114,0,0,1,114,727822,727935,8.17E-55,206
CjSA71,CP001876.1,75.269,93,23,0,12,104,1066302,1066394,6.30E-12,65.3
CjSA71,CP001876.1,81.25,48,9,0,60,107,145115,145162,1.69E-06,47.3
CjSA71,CP001876.1,81.25,48,9,0,63,110,570768,570721,1.69E-06,47.3
CjSA71,CP001876.1,70.297,101,29,1,12,111,759824,759724,5.90E-06,44.6
CjSA71,CP001876.1,71.579,95,21,3,10,101,844859,844768,2.06E-05,42.8
CjSA71,CP001876.1,73.684,57,9,2,61,114,1570056,1570003,0.037,32.8
CjSA72,CP001876.1,100,102,0,0,1,102,765046,764945,2.33E-48,185
CjSA72,CP001876.1,75,48,12,0,2,49,396280,396233,0.009,33.7
CjSA72,CP001876.1,82.353,34,5,1,5,38,189495,189463,0.032,31.9
CjSA72,CP001876.1,85.185,27,4,0,30,56,1242653,1242679,0.032,31.9
CjSA72,CP001876.1,100,17,0,0,12,28,1545397,1545413,0.032,31.9
CjSA73,CP001876.1,98.45,129,2,0,1,129,793635,793763,3.50E-60,224
CjSA73,CP001876.1,84.211,38,5,1,92,129,357214,357178,2.88E-04,39.2
CjSA73,CP001876.1,95.455,22,1,0,97,118,352997,352976,0.004,36.5
CjSA73,CP001876.1,95.455,22,1,0,96,117,523469,523448,0.004,36.5
CjSA73,CP001876.1,95.238,21,1,0,92,112,353749,353729,0.012,34.6
CjSA73,CP001876.1,84.375,32,4,1,98,129,1124114,1124144,0.043,32.8
CjSA73,CP001876.1,85.185,27,4,0,67,93,650031,650057,0.043,31.9
CjSA73,CP001876.1,90.909,22,2,0,91,112,1403498,1403477,0.043,31.9
CjSA74,CP001876.1,100,355,0,0,1,355,829070,829424,0,641
CjSA74,CP001876.1,100,25,0,0,1,25,1547103,1547127,5.98E-06,46.4
CjSA74,CP001876.1,92.308,26,2,0,102,127,1004800,1004775,8.88E-04,39.2
CjSA74,CP001876.1,91.667,24,2,0,95,118,1065320,1065297,0.011,35.6
CjSA74,CP001876.1,88.462,26,3,0,105,130,690481,690456,0.038,34.6
CjSA74,CP001876.1,91.304,23,2,0,1,23,438789,438811,0.038,33.7
CjSA75,CP001876.1,100,269,0,0,1,269,849795,850063,1.54E-138,486
CjSA75,CP001876.1,80.851,47,7,2,6,51,1487157,1487202,0.002,38.3
CjSA75,CP001876.1,78.261,46,6,2,136,179,507313,507356,0.028,33.7
CjSA76,CP001876.1,100,251,0,0,1,251,852748,852498,8.44E-129,453
CjSA76,CP001876.1,95.455,22,1,0,94,115,691064,691043,0.007,36.5
CjSA76,CP001876.1,83.784,37,4,2,92,126,1361121,1361157,0.026,33.7
CjSA76,CP001876.1,83.784,37,4,2,92,126,1372407,1372443,0.026,33.7
CjSA78,CP001876.1,100,308,0,0,1,308,914426,914733,1.20E-159,556
CjSA78,CP001876.1,100,20,0,0,119,138,90591,90572,0.003,37.4
CjSA79,CP001876.1,99.504,403,2,0,1,403,914862,915264,0,719
CjSA80,CP001876.1,100,204,0,0,1,204,920679,920476,2.21E-103,369
CjSA82,CP001876.1,100,189,0,0,1,189,946623,946811,2.82E-95,342
CjSA82,CP001876.1,95.455,22,1,0,84,105,752570,752591,0.005,36.5
CjSA82,CP001876.1,100,19,0,0,85,103,311248,311266,0.005,35.6
CjSA82,CP001876.1,88.462,26,3,0,163,188,117699,117724,0.019,34.6
CjSA82,CP001876.1,80.556,36,7,0,150,185,946327,946292,0.019,34.6
CjSA82,CP001876.1,85.714,28,4,0,40,67,1598636,1598663,0.019,33.7
CjSA83,CP001876.1,100,101,0,0,1,101,951528,951628,8.04E-48,183
CjSA83,CP001876.1,73.611,72,19,0,2,73,728257,728328,5.08E-06,45.5
CjSA83,CP001876.1,88.462,26,3,0,76,101,155490,155465,0.009,34.6
CjSA83,CP001876.1,83.333,30,5,0,67,96,1559907,1559878,0.032,32.8
CjSA84,CP001876.1,100,149,0,0,1,149,1037279,1037131,1.11E-73,269
CjSA84,CP001876.1,95.238,21,1,0,30,50,977972,977992,0.015,34.6
CjSA85,CP001876.1,100,139,0,0,1,139,1091247,1091385,2.75E-68,251
CjSA85,CP001876.1,83.333,42,3,2,30,67,1342505,1342546,3.15E-04,40.1
CjSA85,CP001876.1,86.667,30,3,1,12,40,99422,99393,0.013,33.7
CjSA85,CP001876.1,80.952,42,6,2,24,65,292851,292812,0.013,33.7
CjSA85,CP001876.1,90.909,22,2,0,73,94,371540,371519,0.047,31.9
CjSA85,CP001876.1,100,17,0,0,47,63,1273053,1273037,0.047,31.9
CjSA85,CP001876.1,100,17,0,0,47,63,1274928,1274912,0.047,31.9
CjSA86,CP001876.1,81.579,190,23,6,1,184,1115391,1115208,3.65E-43,169
CjSA86,CP001876.1,91.304,23,2,0,2,24,235364,235386,0.019,33.7
CjSA86,CP001876.1,91.304,23,2,0,49,71,1014159,1014181,0.019,33.7
CjSA87,CP001876.1,100,140,0,0,1,140,1124203,1124342,7.95E-69,253
CjSA87,CP001876.1,83.871,31,5,0,51,81,613711,613741,0.013,34.6
CjSA87,CP001876.1,81.818,33,6,0,47,79,1622227,1622259,0.013,33.7
CjSA87,CP001876.1,100,17,0,0,51,67,813556,813572,0.047,31.9
CjSA88,CP001876.1,100,142,0,0,1,142,1132319,1132460,6.63E-70,257
CjSA88,CP001876.1,90,30,2,1,5,34,1291883,1291911,0.001,38.3
CjSA88,CP001876.1,95.455,22,1,0,12,33,1332337,1332358,0.004,36.5
CjSA88,CP001876.1,83.871,31,5,0,4,34,1469650,1469680,0.014,34.6
CjSA88,CP001876.1,95.238,21,1,0,14,34,1542049,1542069,0.014,34.6
CjSA88,CP001876.1,100,18,0,0,17,34,52915,52898,0.014,33.7
CjSA88,CP001876.1,91.304,23,2,0,12,34,128013,127991,0.014,33.7
CjSA88,CP001876.1,92,25,1,1,16,39,460111,460135,0.014,33.7
CjSA88,CP001876.1,92,25,1,1,11,35,929057,929034,0.014,33.7
CjSA88,CP001876.1,82.857,35,5,1,1,34,1169898,1169864,0.014,33.7
CjSA88,CP001876.1,91.304,23,2,0,19,41,1622538,1622560,0.014,33.7
CjSA88,CP001876.1,86.207,29,2,1,8,34,87171,87143,0.048,32.8
CjSA88,CP001876.1,84.375,32,4,1,4,34,101622,101653,0.048,32.8
CjSA88,CP001876.1,95.455,22,0,1,11,31,305675,305654,0.048,32.8
CjSA88,CP001876.1,81.818,33,2,1,6,34,577864,577896,0.048,32.8
CjSA88,CP001876.1,95,20,1,0,10,29,803322,803303,0.048,32.8
CjSA88,CP001876.1,95.455,22,0,1,12,32,951680,951659,0.048,32.8
CjSA88,CP001876.1,95,20,1,0,12,31,1451257,1451276,0.048,32.8
CjSA88,CP001876.1,95,20,1,0,12,31,1487582,1487601,0.048,32.8
CjSA88,CP001876.1,90.909,22,2,0,2,23,564012,563991,0.048,31.9
CjSA88,CP001876.1,81.818,33,3,1,2,31,964376,964344,0.048,31.9
CjSA88,CP001876.1,90.909,22,2,0,52,73,983019,983040,0.048,31.9
CjSA88,CP001876.1,85.185,27,4,0,3,29,1514932,1514906,0.048,31.9
CjSA88,CP001876.1,90.909,22,2,0,7,28,1532317,1532296,0.048,31.9
CjSA89,CP001876.1,100,109,0,0,1,109,1153587,1153479,4.01E-52,197
CjSA89,CP001876.1,100,18,0,0,84,101,193647,193664,0.01,33.7
CjSA89,CP001876.1,83.871,31,2,1,63,93,666775,666748,0.035,32.8
CjSA89,CP001876.1,100,17,0,0,82,98,71240,71224,0.035,31.9
CjSA89,CP001876.1,100,17,0,0,82,98,1363816,1363832,0.035,31.9
CjSA90,CP001876.1,100,97,0,0,1,97,1155379,1155475,1.13E-45,176
CjSA91,CP001876.1,100,186,0,0,1,186,1183913,1184098,1.18E-93,336
CjSA93,CP001876.1,100,73,0,0,1,73,1193251,1193323,8.34E-33,132
CjSA94,CP001876.1,99.324,148,1,0,1,148,1197637,1197490,1.64E-71,263
CjSA94,CP001876.1,92.593,27,1,1,41,67,911819,911794,0.001,37.4
CjSA94,CP001876.1,82.353,34,3,1,67,97,1210370,1210403,0.014,33.7
CjSA94,CP001876.1,100,18,0,0,4,21,1596832,1596849,0.014,33.7
CjSA97,CP001876.1,100,326,0,0,1,326,1298909,1298584,2.16E-169,589
CjSA97,CP001876.1,88.889,27,1,1,62,86,275211,275237,0.034,33.7
CjSA98,CP001876.1,100,473,0,0,1,473,1328742,1329214,0,854
CjSA98,CP001876.1,91.667,24,2,0,119,142,142806,142829,0.015,35.6
CjSA99,CP001876.1,100,81,0,0,1,81,1335734,1335654,4.36E-37,147
CjSA100,CP001876.1,97.297,74,1,1,1,74,1358629,1358557,1.54E-29,122
CjSA101,CP001876.1,83.784,37,3,2,155,189,1327115,1327080,0.031,34.6
CjSA102,CP001876.1,100,94,0,0,1,94,1447577,1447484,4.63E-44,170
CjSA102,CP001876.1,92.857,28,1,1,61,88,1124142,1124116,1.97E-04,39.2
CjSA102,CP001876.1,84.848,33,5,0,59,91,875101,875133,6.89E-04,38.3
CjSA102,CP001876.1,88.462,26,3,0,17,42,253381,253406,0.008,34.6
CjSA102,CP001876.1,91.304,23,2,0,59,81,963492,963470,0.008,33.7
CjSA102,CP001876.1,88,25,3,0,61,85,66057,66033,0.029,32.8
CjSA102,CP001876.1,95.455,22,0,1,1,22,80954,80974,0.029,32.8
CjSA102,CP001876.1,80,35,7,0,21,55,1447523,1447557,0.029,32.8
CjSA102,CP001876.1,90.909,22,2,0,61,82,164068,164047,0.029,31.9
CjSA102,CP001876.1,100,17,0,0,75,91,352137,352153,0.029,31.9
CjSA102,CP001876.1,83.333,36,4,2,16,50,1327116,1327082,0.029,31.9
CjSA102,CP001876.1,90.909,22,2,0,16,37,1463946,1463967,0.029,31.9
CjSA103,CP001876.1,91.163,430,18,8,23,442,1452582,1453001,1.04E-168,587
CjSA103,CP001876.1,82.081,173,23,5,90,258,1452583,1452751,1.66E-39,158
CjSA103,CP001876.1,80.337,178,19,8,24,193,1452649,1452818,1.28E-34,142
CjSA103,CP001876.1,83.784,111,17,1,157,266,1452584,1452694,5.08E-27,116
CjSA103,CP001876.1,81.308,107,10,3,25,126,1452716,1452817,1.36E-21,99.6
CjSA103,CP001876.1,100,37,0,0,222,258,1452583,1452619,2.31E-12,68
CjSA103,CP001876.1,100,36,0,0,25,60,1452782,1452817,8.06E-12,66.2
CjSA103,CP001876.1,84,50,5,2,306,354,1452698,1452651,2.16E-06,49.1
CjSA103,CP001876.1,96.429,28,1,0,331,358,1452608,1452581,7.55E-06,47.3
CjSA103,CP001876.1,69.565,138,28,6,224,354,1452913,1452783,7.55E-06,46.4
CjSA103,CP001876.1,79.661,59,6,3,291,348,1214824,1214771,2.63E-05,45.5
CjSA103,CP001876.1,96.296,27,1,0,23,49,1452916,1452890,2.63E-05,45.5
CjSA103,CP001876.1,100,24,0,0,331,354,1452740,1452717,2.63E-05,44.6
CjSA103,CP001876.1,100,24,0,0,158,181,1452913,1452890,2.63E-05,44.6
CjSA103,CP001876.1,100,24,0,0,92,115,1452913,1452890,2.63E-05,44.6
CjSA103,CP001876.1,79.167,48,7,2,298,345,292941,292985,0.014,36.5
CjSA103,CP001876.1,78.723,47,5,2,51,95,713695,713652,0.014,36.5
CjSA103,CP001876.1,79.545,44,8,1,27,69,1545615,1545658,0.014,36.5
CjSA103,CP001876.1,86.207,29,4,0,44,72,49201,49173,0.014,35.6
CjSA103,CP001876.1,86.207,29,4,0,168,196,1503728,1503700,0.014,35.6
CjSA103,CP001876.1,82.857,35,4,1,405,437,472994,472960,0.048,34.6
CjSA103,CP001876.1,85.714,28,4,0,327,354,1587593,1587620,0.048,33.7
CjSA104,CP001876.1,99.597,248,1,0,1,248,1491329,1491576,1.51E-125,444
CjSA104,CP001876.1,100,57,0,0,1,57,148623,148679,1.73E-23,104
CjSA104,CP001876.1,100,57,0,0,1,57,243472,243416,1.73E-23,104
CjSA104,CP001876.1,96.154,26,0,1,104,129,169670,169694,6.03E-04,40.1
CjSA104,CP001876.1,82.051,39,5,1,170,206,60759,60721,0.002,37.4
CjSA104,CP001876.1,95.455,22,1,0,103,124,597965,597986,0.007,36.5
CjSA104,CP001876.1,95.455,22,1,0,172,193,1196916,1196895,0.007,36.5
CjSA104,CP001876.1,81.395,43,5,2,107,148,1462962,1463002,0.007,36.5
CjSA104,CP001876.1,82.857,35,5,1,88,122,780792,780825,0.026,33.7
CjSA104,CP001876.1,91.304,23,2,0,102,124,1287700,1287678,0.026,33.7
CjSA105,CP001876.1,100,217,0,0,1,217,1535862,1536078,2.07E-110,392
CjSA105,CP001876.1,100,24,0,0,161,184,94566,94543,1.23E-05,44.6
CjSA105,CP001876.1,88.462,26,3,0,166,191,1629070,1629045,0.022,34.6
CjSA105,CP001876.1,91.304,23,2,0,176,198,356323,356345,0.022,33.7
CjSA106,CP001876.1,100,344,0,0,1,344,1540645,1540988,3.87E-179,621
CjSA106,CP001876.1,85,40,5,1,41,79,245134,245173,7.05E-05,42.8
CjSA106,CP001876.1,100,21,0,0,56,76,473738,473758,8.59E-04,39.2
CjSA106,CP001876.1,95.455,22,1,0,54,75,925372,925393,0.01,36.5
CjSA106,CP001876.1,95.455,22,1,0,192,213,1437730,1437709,0.01,36.5
CjSA106,CP001876.1,95.455,22,1,0,55,76,1579264,1579243,0.01,36.5
CjSA106,CP001876.1,89.286,28,2,1,56,83,786208,786234,0.037,34.6
CjSA106,CP001876.1,80.952,42,5,2,233,271,920658,920617,0.037,34.6
CjSA106,CP001876.1,91.304,23,2,0,104,126,489828,489850,0.037,33.7
CjSA106,CP001876.1,91.304,23,2,0,53,75,666376,666398,0.037,33.7
CjSA106,CP001876.1,92,25,1,1,55,79,775907,775884,0.037,33.7
CjSA106,CP001876.1,91.304,23,2,0,64,86,929318,929340,0.037,33.7
CjSA106,CP001876.1,91.304,23,2,0,232,254,1313962,1313984,0.037,33.7
CjSA107,CP001876.1,100,511,0,0,1,511,1544773,1545283,0,922
CjSA107,CP001876.1,82.222,45,5,2,416,459,807877,807919,0.001,40.1
CjSA107,CP001876.1,92.857,28,1,1,350,377,1378622,1378648,0.001,39.2
CjSA107,CP001876.1,100,20,0,0,289,308,396793,396812,0.005,37.4
CjSA107,CP001876.1,79.545,44,8,1,438,480,136767,136810,0.016,36.5
CjSA107,CP001876.1,91.667,24,2,0,15,38,822212,822189,0.016,35.6
CjSA107,CP001876.1,91.667,24,2,0,434,457,1043690,1043667,0.016,35.6
CjSA108,CP001876.1,100,323,0,0,1,323,1557069,1557391,9.09E-168,583
CjSA108,CP001876.1,100,22,0,0,2,23,94488,94509,2.30E-04,41
CjSA108,CP001876.1,95.455,22,1,0,256,277,229385,229364,0.01,36.5
CjSA108,CP001876.1,95.455,22,1,0,262,283,275448,275427,0.01,36.5
CjSA108,CP001876.1,95.238,21,1,0,268,288,571004,570984,0.034,34.6
CjSA108,CP001876.1,79.545,44,5,2,228,271,788827,788866,0.034,34.6
CjSA108,CP001876.1,91.304,23,2,0,257,279,95331,95353,0.034,33.7
CjSA109,CP001876.1,100,116,0,0,1,116,1572408,1572523,6.78E-56,210
CjSA109,CP001876.1,91.304,23,2,0,78,100,1162470,1162492,0.011,33.7
CjSA109,CP001876.1,85.714,28,4,0,86,113,1338614,1338641,0.011,33.7
CjSA110,CP001876.1,100,184,0,0,1,184,1572650,1572467,1.42E-92,333
CjSA110,CP001876.1,81.481,81,5,4,70,145,1572506,1572581,2.57E-13,70.7
CjSA110,CP001876.1,95.455,22,1,0,124,145,527164,527185,0.005,36.5
CjSA110,CP001876.1,73.214,56,8,1,44,99,553173,553221,0.005,36.5
CjSA110,CP001876.1,78.261,46,5,2,118,158,1338659,1338614,0.018,34.6
CjSA110,CP001876.1,76.471,51,8,2,101,147,353616,353666,0.018,33.7
CjSA110,CP001876.1,91.304,23,2,0,144,166,1162492,1162470,0.018,33.7
CjSA112,CP001876.1,100,83,0,0,1,83,1586978,1587060,3.69E-38,150
CjSA112,CP001876.1,87.097,31,4,0,6,36,1509130,1509100,1.68E-04,39.2
CjSA112,CP001876.1,79.245,53,7,3,2,52,956971,956921,5.87E-04,37.4
CjSA113,CP001876.1,100,153,0,0,1,153,1601487,1601335,7.73E-76,277
CjSA115,CP001876.1,99.123,342,3,0,1,342,1629785,1629444,1.03E-173,604
CjSA115,CP001876.1,80.392,51,8,2,265,313,312131,312081,2.45E-04,41
CjSA115,CP001876.1,82.051,39,6,1,271,309,546422,546459,0.01,36.5
CjSA115,CP001876.1,87.097,31,3,1,178,208,306913,306884,0.01,35.6
CjSA115,CP001876.1,88.462,26,3,0,201,226,47598,47573,0.036,34.6
CjSA115,CP001876.1,88.462,26,3,0,256,281,88968,88943,0.036,34.6
CjSA115,CP001876.1,76.744,43,10,0,132,174,539087,539045,0.036,33.7
CjSA115,CP001876.1,100,18,0,0,183,200,1004647,1004664,0.036,33.7
CjSA115,CP001876.1,100,18,0,0,281,298,1025894,1025911,0.036,33.7
CjSA116,CP001876.1,98.99,99,1,0,1,99,1631641,1631543,1.13E-44,175
CjSA116,CP001876.1,75.862,58,14,0,136,193,305711,305654,4.82E-05,42.8
CjSA116,CP001876.1,86.207,29,1,1,166,194,964368,964343,0.025,33.7
CjSA116,CP001876.1,71.951,82,16,4,118,193,1132269,1132349,0.025,33.7
CjSA116,CP001876.1,77.551,49,8,2,154,202,1133537,1133582,0.025,33.7