CjSA1,NZ_CP066241.1,98.142,323,4,1,1,323,4604,4924,1.67E-158,554
CjSA1,NZ_CP066241.1,100,27,0,0,293,319,4920,4894,4.82E-07,50
CjSA1,NZ_CP066241.1,89.655,29,3,0,293,321,745655,745627,8.72E-04,40.1
CjSA1,NZ_CP066241.1,90,30,2,1,4,33,315822,315850,0.003,38.3
CjSA1,NZ_CP066241.1,88.889,27,3,0,287,313,402766,402740,0.011,36.5
CjSA1,NZ_CP066241.1,77.778,54,6,3,272,319,745602,745655,0.011,36.5
CjSA2,NZ_CP066241.1,100,112,0,0,1,112,8101,8212,1.05E-53,203
CjSA2,NZ_CP066241.1,88.889,27,1,1,41,65,1479979,1479953,0.011,33.7
CjSA2,NZ_CP066241.1,90.909,22,2,0,46,67,181407,181386,0.039,31.9
CjSA2,NZ_CP066241.1,90.909,22,2,0,50,71,793519,793540,0.039,31.9
CjSA2,NZ_CP066241.1,78.378,37,8,0,39,75,975508,975472,0.039,31.9
CjSA2,NZ_CP066241.1,100,17,0,0,53,69,1511496,1511480,0.039,31.9
CjSA3,NZ_CP066241.1,100,18,0,0,58,75,815812,815829,0.012,33.7
CjSA3,NZ_CP066241.1,95,20,1,0,56,75,607295,607276,0.041,32.8
CjSA3,NZ_CP066241.1,86.207,29,3,1,47,75,13065,13038,0.041,31.9
CjSA3,NZ_CP066241.1,91.667,24,1,1,3,26,1282102,1282124,0.041,31.9
CjSA4,NZ_CP066241.1,79.839,124,8,2,1,107,36962,36839,3.28E-28,118
CjSA4,NZ_CP066241.1,97.619,42,1,0,1,42,774730,774689,4.26E-14,72.5
CjSA4,NZ_CP066241.1,73.077,52,0,1,1,52,431774,431737,2.52E-04,40.1
CjSA4,NZ_CP066241.1,83.871,31,3,1,45,73,471918,471948,0.037,31.9
CjSA4,NZ_CP066241.1,100,17,0,0,2,18,1029457,1029473,0.037,31.9
CjSA4,NZ_CP066241.1,85.185,27,4,0,48,74,1760421,1760447,0.037,31.9
CjSA5,NZ_CP066241.1,96.85,127,3,1,1,127,37224,37349,2.87E-55,208
CjSA5,NZ_CP066241.1,96.85,127,3,1,1,127,432035,432160,2.87E-55,208
CjSA5,NZ_CP066241.1,96.85,127,3,1,1,127,774991,775116,2.87E-55,208
CjSA5,NZ_CP066241.1,88.571,35,3,1,14,48,38992,38959,2.52E-05,42.8
CjSA5,NZ_CP066241.1,88.571,35,3,1,14,48,433804,433771,2.52E-05,42.8
CjSA5,NZ_CP066241.1,88.571,35,3,1,14,48,776760,776727,2.52E-05,42.8
CjSA5,NZ_CP066241.1,84.615,39,4,1,85,123,1393396,1393360,8.80E-05,41.9
CjSA5,NZ_CP066241.1,100,18,0,0,110,127,37160,37177,0.013,33.7
CjSA5,NZ_CP066241.1,100,18,0,0,110,127,431974,431991,0.013,33.7
CjSA5,NZ_CP066241.1,100,18,0,0,110,127,774930,774947,0.013,33.7
CjSA5,NZ_CP066241.1,82.353,34,4,1,96,127,115224,115191,0.046,32.8
CjSA5,NZ_CP066241.1,95,20,1,0,102,121,1412624,1412605,0.046,32.8
CjSA5,NZ_CP066241.1,88.462,26,1,1,91,116,737158,737181,0.046,31.9
CjSA5,NZ_CP066241.1,90.909,22,2,0,96,117,986833,986854,0.046,31.9
CjSA5,NZ_CP066241.1,78,50,7,3,76,125,1067187,1067232,0.046,31.9
CjSA5,NZ_CP066241.1,100,17,0,0,103,119,1601720,1601704,0.046,31.9
CjSA7,NZ_CP066241.1,97.596,208,4,1,1,208,434158,434364,2.29E-97,350
CjSA7,NZ_CP066241.1,97.596,208,4,1,1,208,777114,777320,2.29E-97,350
CjSA7,NZ_CP066241.1,97.129,209,4,2,1,208,39348,39555,9.75E-96,343
CjSA9,NZ_CP066241.1,96.842,190,1,1,1,185,65627,65816,1.19E-87,316
CjSA11,NZ_CP066241.1,92.265,362,11,3,1,347,66204,65845,2.24E-151,529
CjSA11,NZ_CP066241.1,100,19,0,0,358,376,65849,65831,0.012,35.6
CjSA11,NZ_CP066241.1,79.07,43,7,1,44,86,1737903,1737943,0.012,35.6
CjSA11,NZ_CP066241.1,100,18,0,0,201,218,1549821,1549804,0.044,33.7
CjSA12,NZ_CP066241.1,98.524,271,2,1,1,271,80951,81219,4.52E-133,469
CjSA12,NZ_CP066241.1,77.273,44,10,0,57,100,446295,446338,0.009,35.6
CjSA12,NZ_CP066241.1,100,19,0,0,222,240,1178479,1178461,0.009,35.6
CjSA12,NZ_CP066241.1,91.667,24,2,0,226,249,1321779,1321756,0.009,35.6
CjSA12,NZ_CP066241.1,91.667,24,2,0,58,81,1722043,1722066,0.009,35.6
CjSA12,NZ_CP066241.1,81.579,38,6,1,214,251,743360,743396,0.031,34.6
CjSA12,NZ_CP066241.1,95.652,23,0,1,211,232,1603521,1603499,0.031,34.6
CjSA12,NZ_CP066241.1,84.375,32,3,1,198,227,1320010,1319979,0.031,33.7
CjSA13,NZ_CP066241.1,99.265,136,1,0,1,136,82093,82228,5.26E-65,242
CjSA13,NZ_CP066241.1,100,20,0,0,112,131,82223,82204,0.001,37.4
CjSA13,NZ_CP066241.1,92,25,0,1,46,68,1666519,1666543,0.014,34.6
CjSA13,NZ_CP066241.1,84.375,32,4,1,45,76,181729,181699,0.049,32.8
CjSA13,NZ_CP066241.1,81.818,33,2,1,98,126,932646,932678,0.049,32.8
CjSA13,NZ_CP066241.1,90.909,22,2,0,113,134,99319,99340,0.049,31.9
CjSA13,NZ_CP066241.1,85.185,27,4,0,110,136,167136,167162,0.049,31.9
CjSA14,NZ_CP066241.1,98.039,102,2,0,1,102,93250,93351,1.34E-45,176
CjSA14,NZ_CP066241.1,100,24,0,0,57,80,1677592,1677569,5.72E-06,44.6
CjSA14,NZ_CP066241.1,100,21,0,0,2,22,1698768,1698788,2.43E-04,39.2
CjSA14,NZ_CP066241.1,95.238,21,1,0,52,72,520230,520210,0.01,34.6
CjSA14,NZ_CP066241.1,95.238,21,1,0,1,21,1419577,1419597,0.01,34.6
CjSA14,NZ_CP066241.1,95.238,21,1,0,1,21,1421443,1421463,0.01,34.6
CjSA14,NZ_CP066241.1,100,18,0,0,56,73,1502653,1502670,0.01,33.7
CjSA14,NZ_CP066241.1,95,20,1,0,53,72,75719,75738,0.036,32.8
CjSA14,NZ_CP066241.1,95,20,1,0,1,20,261218,261237,0.036,32.8
CjSA14,NZ_CP066241.1,95,20,1,0,58,77,1084733,1084752,0.036,32.8
CjSA14,NZ_CP066241.1,91.667,24,1,1,42,64,1712016,1711993,0.036,31.9
CjSA16,NZ_CP066241.1,99.351,308,2,0,1,308,131351,131044,6.75E-157,547
CjSA16,NZ_CP066241.1,87.5,32,3,1,78,108,882603,882634,0.003,37.4
CjSA16,NZ_CP066241.1,86.207,29,4,0,133,161,488031,488003,0.01,35.6
CjSA16,NZ_CP066241.1,88.462,26,3,0,143,168,1063878,1063853,0.035,34.6
CjSA16,NZ_CP066241.1,100,18,0,0,86,103,1398687,1398704,0.035,33.7
CjSA18,NZ_CP066241.1,95.444,417,2,3,1,401,164619,165034,0,669
CjSA18,NZ_CP066241.1,96.774,31,1,0,39,69,164687,164657,1.75E-07,52.7
CjSA18,NZ_CP066241.1,87.5,32,4,0,193,224,501737,501768,3.17E-04,41
CjSA18,NZ_CP066241.1,84.848,33,3,1,237,269,994725,994695,0.013,35.6
CjSA18,NZ_CP066241.1,95.238,21,1,0,262,282,690102,690122,0.047,34.6
CjSA18,NZ_CP066241.1,86.667,30,3,1,238,267,1437207,1437179,0.047,33.7
CjSA20,NZ_CP066241.1,98.958,96,1,0,1,96,248726,248631,1.80E-43,169
CjSA21,NZ_CP066241.1,77.165,127,29,0,216,342,147228,147102,1.15E-21,99.6
CjSA21,NZ_CP066241.1,77.165,127,29,0,216,342,276691,276817,1.15E-21,99.6
CjSA21,NZ_CP066241.1,77.165,127,29,0,216,342,279849,279975,1.15E-21,99.6
CjSA21,NZ_CP066241.1,77.165,127,29,0,216,342,1632735,1632609,1.15E-21,99.6
CjSA21,NZ_CP066241.1,81.319,91,17,0,242,332,22157,22247,2.07E-18,88.7
CjSA21,NZ_CP066241.1,81.111,90,17,0,246,335,1577486,1577575,7.23E-18,86.9
CjSA21,NZ_CP066241.1,77.358,106,24,0,237,342,1236779,1236884,2.52E-17,84.2
CjSA21,NZ_CP066241.1,76.415,106,25,0,237,342,453846,453951,1.07E-15,79.7
CjSA21,NZ_CP066241.1,78.481,79,17,0,257,335,1169793,1169871,6.77E-12,67.1
CjSA21,NZ_CP066241.1,84.211,38,5,1,1,37,262097,262134,0.001,39.2
CjSA22,NZ_CP066241.1,80.952,42,7,1,40,81,813146,813186,0.001,37.4
CjSA22,NZ_CP066241.1,92,25,1,1,25,48,1587712,1587736,0.014,33.7
CjSA22,NZ_CP066241.1,95,20,1,0,75,94,309088,309107,0.048,32.8
CjSA22,NZ_CP066241.1,95,20,1,0,76,95,492287,492268,0.048,32.8
CjSA22,NZ_CP066241.1,88,25,3,0,79,103,1366131,1366155,0.048,32.8
CjSA22,NZ_CP066241.1,90.909,22,2,0,77,98,240425,240404,0.048,31.9
CjSA22,NZ_CP066241.1,90.909,22,2,0,51,72,624579,624600,0.048,31.9
CjSA22,NZ_CP066241.1,78.378,37,8,0,30,66,859849,859813,0.048,31.9
CjSA23,NZ_CP066241.1,98.98,98,1,0,1,98,330196,330293,1.52E-44,173
CjSA23,NZ_CP066241.1,86.111,36,2,2,15,49,1144088,1144121,7.89E-04,37.4
CjSA24,NZ_CP066241.1,100,150,0,0,1,150,338696,338845,3.49E-74,271
CjSA24,NZ_CP066241.1,92.857,28,1,1,70,97,32823,32849,3.74E-04,39.2
CjSA25,NZ_CP066241.1,100,372,0,0,1,372,338896,339267,0,672
CjSA25,NZ_CP066241.1,87.097,31,3,1,5,34,1366495,1366525,0.012,35.6
CjSA26,NZ_CP066241.1,100,330,0,0,1,330,339624,339953,1.60E-171,596
CjSA26,NZ_CP066241.1,91.667,24,2,0,249,272,332753,332776,0.011,35.6
CjSA26,NZ_CP066241.1,100,18,0,0,277,294,74975,74958,0.038,33.7
CjSA26,NZ_CP066241.1,81.818,33,6,0,255,287,209347,209315,0.038,33.7
CjSA26,NZ_CP066241.1,91.304,23,2,0,304,326,873144,873122,0.038,33.7
CjSA27,NZ_CP066241.1,99.401,167,0,1,1,167,344323,344488,1.21E-80,294
CjSA27,NZ_CP066241.1,78,50,7,1,4,49,1033085,1033036,1.21E-04,41
CjSA27,NZ_CP066241.1,91.304,23,2,0,142,164,23216,23238,0.018,33.7
CjSA28,NZ_CP066241.1,99.58,238,1,0,1,238,358405,358642,4.19E-120,425
CjSA30,NZ_CP066241.1,98.63,73,1,0,3,75,413710,413782,4.00E-31,128
CjSA30,NZ_CP066241.1,100,17,0,0,22,38,104717,104733,0.024,31.9
CjSA31,NZ_CP066241.1,98.261,115,2,0,1,115,420992,421106,1.32E-52,199
CjSA31,NZ_CP066241.1,85.366,41,3,2,75,115,421109,421072,7.80E-05,41.9
CjSA31,NZ_CP066241.1,95.238,21,1,0,38,58,1760442,1760422,0.012,34.6
CjSA31,NZ_CP066241.1,100,18,0,0,88,105,1115402,1115385,0.012,33.7
CjSA32,NZ_CP066241.1,100,255,0,0,1,255,423296,423550,6.28E-131,461
CjSA32,NZ_CP066241.1,90,30,3,0,196,225,1109302,1109273,1.93E-04,41.9
CjSA32,NZ_CP066241.1,86.207,29,4,0,125,153,352986,352958,0.008,35.6
CjSA32,NZ_CP066241.1,85.714,35,3,2,135,168,1490417,1490384,0.029,34.6
CjSA32,NZ_CP066241.1,91.304,23,2,0,168,190,1354734,1354712,0.029,33.7
CjSA33,NZ_CP066241.1,100,260,0,0,1,260,423675,423934,1.24E-133,470
CjSA33,NZ_CP066241.1,86.667,30,4,0,169,198,1266807,1266778,0.002,37.4
CjSA33,NZ_CP066241.1,100,19,0,0,100,118,1083342,1083360,0.008,35.6
CjSA33,NZ_CP066241.1,91.304,23,2,0,34,56,330658,330680,0.029,33.7
CjSA34,NZ_CP066241.1,98.722,313,4,0,1,313,424116,424428,6.87E-157,547
CjSA34,NZ_CP066241.1,95.652,23,1,0,9,31,226619,226597,0.003,38.3
CjSA34,NZ_CP066241.1,85.294,34,4,1,113,146,224081,224049,0.01,36.5
CjSA34,NZ_CP066241.1,78.947,38,3,1,2,34,312907,312944,0.036,33.7
CjSA34,NZ_CP066241.1,80.488,41,4,2,22,61,564826,564863,0.036,33.7
CjSA34,NZ_CP066241.1,85.714,28,4,0,60,87,609013,609040,0.036,33.7
CjSA34,NZ_CP066241.1,91.304,23,2,0,16,38,1077040,1077062,0.036,33.7
CjSA35,NZ_CP066241.1,97.619,420,10,0,1,420,427942,428361,0,713
CjSA35,NZ_CP066241.1,88.889,27,3,0,265,291,350103,350077,0.014,36.5
CjSA35,NZ_CP066241.1,95.238,21,1,0,27,47,1538443,1538463,0.049,34.6
CjSA35,NZ_CP066241.1,91.304,23,2,0,123,145,300024,300002,0.049,33.7
CjSA35,NZ_CP066241.1,100,18,0,0,281,298,802411,802394,0.049,33.7
CjSA35,NZ_CP066241.1,91.304,23,2,0,122,144,1137385,1137363,0.049,33.7
CjSA35,NZ_CP066241.1,82.857,35,5,1,279,313,1280726,1280759,0.049,33.7
CjSA36,NZ_CP066241.1,97.758,223,5,0,1,223,428889,429111,1.46E-106,380
CjSA36,NZ_CP066241.1,85.294,34,4,1,190,223,858852,858820,0.007,36.5
CjSA36,NZ_CP066241.1,82.857,35,5,1,139,172,429072,429038,0.025,33.7
CjSA36,NZ_CP066241.1,100,18,0,0,185,202,935710,935693,0.025,33.7
CjSA36,NZ_CP066241.1,91.304,23,2,0,9,31,1198232,1198210,0.025,33.7
CjSA37,NZ_CP066241.1,98.674,377,3,2,1,376,431837,432212,0,651
CjSA37,NZ_CP066241.1,98.674,377,3,2,1,376,774793,775168,0,651
CjSA37,NZ_CP066241.1,97.098,379,6,3,1,376,37025,37401,3.82E-180,626
CjSA37,NZ_CP066241.1,88.571,35,3,1,211,245,38992,38959,8.49E-05,42.8
CjSA37,NZ_CP066241.1,88.571,35,3,1,211,245,433804,433771,8.49E-05,42.8
CjSA37,NZ_CP066241.1,88.571,35,3,1,211,245,776760,776727,8.49E-05,42.8
CjSA37,NZ_CP066241.1,89.286,28,2,1,20,47,124474,124500,0.044,34.6
CjSA37,NZ_CP066241.1,82.051,39,4,2,9,44,1254855,1254817,0.044,33.7
CjSA39,NZ_CP066241.1,98.652,445,4,2,1,445,434158,434600,0,769
CjSA39,NZ_CP066241.1,98.652,445,4,2,1,445,777114,777556,0,769
CjSA39,NZ_CP066241.1,98.206,446,4,3,1,445,39348,39790,0,759
CjSA39,NZ_CP066241.1,87.5,40,3,1,297,336,42800,42763,2.36E-06,48.2
CjSA39,NZ_CP066241.1,87.5,40,3,1,297,336,437615,437578,2.36E-06,48.2
CjSA39,NZ_CP066241.1,87.5,40,3,1,297,336,780571,780534,2.36E-06,48.2
CjSA39,NZ_CP066241.1,81.818,44,3,2,205,247,1331001,1330962,0.001,40.1
CjSA39,NZ_CP066241.1,86.207,29,4,0,287,315,992649,992677,0.015,35.6
CjSA41,NZ_CP066241.1,96.024,327,12,1,77,402,438075,438401,8.40E-151,528
CjSA41,NZ_CP066241.1,100,33,0,0,1,33,438034,438066,3.37E-10,60.8
CjSA41,NZ_CP066241.1,91.667,24,2,0,252,275,1672696,1672719,0.013,35.6
CjSA42,NZ_CP066241.1,100,151,0,0,1,151,447051,447201,1.01E-74,273
CjSA42,NZ_CP066241.1,85.714,28,4,0,40,67,1234249,1234222,0.016,33.7
CjSA43,NZ_CP066241.1,100,120,0,0,1,120,456570,456689,5.17E-58,217
CjSA43,NZ_CP066241.1,95.238,21,1,0,100,120,963097,963077,0.012,34.6
CjSA43,NZ_CP066241.1,82.353,34,5,1,86,118,792489,792522,0.043,31.9
CjSA44,NZ_CP066241.1,96.552,87,3,0,1,87,464657,464743,6.33E-36,144
CjSA44,NZ_CP066241.1,86.111,36,5,0,46,81,713790,713755,1.59E-05,43.7
CjSA44,NZ_CP066241.1,100,19,0,0,9,27,1201745,1201727,0.002,35.6
CjSA44,NZ_CP066241.1,88,25,3,0,8,32,765589,765613,0.029,32.8
CjSA44,NZ_CP066241.1,100,17,0,0,9,25,3261,3277,0.029,31.9
CjSA44,NZ_CP066241.1,100,17,0,0,70,86,409360,409376,0.029,31.9
CjSA45,NZ_CP066241.1,93.684,95,6,0,1,95,468426,468520,2.09E-36,145
CjSA45,NZ_CP066241.1,90.909,22,2,0,35,56,960007,959986,0.033,31.9
CjSA47,NZ_CP066241.1,100,159,0,0,1,159,475877,476035,4.85E-79,288
CjSA48,NZ_CP066241.1,100,237,0,0,1,237,476852,477088,3.43E-121,428
CjSA48,NZ_CP066241.1,86.667,30,4,0,133,162,531557,531586,0.002,37.4
CjSA48,NZ_CP066241.1,100,18,0,0,138,155,1536682,1536699,0.026,33.7
CjSA49,NZ_CP066241.1,100,77,0,0,1,77,498438,498514,9.44E-35,140
CjSA49,NZ_CP066241.1,95,40,2,0,63,102,538753,538792,5.96E-12,64.4
CjSA49,NZ_CP066241.1,77.586,58,11,1,8,65,1688632,1688687,5.59E-06,44.6
CjSA49,NZ_CP066241.1,75.862,58,12,1,8,65,904352,904407,2.38E-04,40.1
CjSA49,NZ_CP066241.1,91.667,24,2,0,4,27,1729653,1729630,0.003,35.6
CjSA49,NZ_CP066241.1,90.909,22,2,0,77,98,611186,611207,0.035,31.9
CjSA50,NZ_CP066241.1,99.169,361,2,1,1,360,543899,544259,0,635
CjSA51,NZ_CP066241.1,100,369,0,0,1,369,591917,591549,0,666
CjSA51,NZ_CP066241.1,95.455,22,1,0,36,57,1451909,1451930,0.012,36.5
CjSA51,NZ_CP066241.1,100,19,0,0,34,52,314926,314908,0.012,35.6
CjSA51,NZ_CP066241.1,86.667,30,1,1,1,30,770007,769981,0.012,35.6
CjSA51,NZ_CP066241.1,91.304,23,2,0,29,51,492942,492964,0.043,33.7
CjSA51,NZ_CP066241.1,100,18,0,0,34,51,970475,970492,0.043,33.7
CjSA51,NZ_CP066241.1,100,18,0,0,34,51,1205127,1205144,0.043,33.7
CjSA53,NZ_CP066241.1,100,97,0,0,1,97,592689,592785,1.23E-45,176
CjSA53,NZ_CP066241.1,100,19,0,0,51,69,11460,11478,0.003,35.6
CjSA53,NZ_CP066241.1,83.333,30,5,0,33,62,828965,828994,0.033,32.8
CjSA54,NZ_CP066241.1,90,30,1,1,46,73,485890,485919,2.75E-04,39.2
CjSA54,NZ_CP066241.1,89.655,29,2,1,47,75,1011563,1011536,0.003,36.5
CjSA54,NZ_CP066241.1,87.097,31,3,1,42,71,1262627,1262597,0.003,35.6
CjSA54,NZ_CP066241.1,95.238,21,1,0,78,98,115605,115625,0.012,34.6
CjSA54,NZ_CP066241.1,85.714,28,4,0,53,80,510333,510360,0.012,33.7
CjSA54,NZ_CP066241.1,95.455,22,0,1,42,63,126763,126783,0.041,32.8
CjSA54,NZ_CP066241.1,95,20,1,0,46,65,1526474,1526455,0.041,32.8
CjSA54,NZ_CP066241.1,78.571,42,3,2,15,50,1679981,1679940,0.041,32.8
CjSA54,NZ_CP066241.1,90.909,22,2,0,34,55,514011,513990,0.041,31.9
CjSA54,NZ_CP066241.1,77.273,44,9,1,42,84,1040930,1040973,0.041,31.9
CjSA55,NZ_CP066241.1,100,120,0,0,1,120,629531,629412,5.17E-58,217
CjSA55,NZ_CP066241.1,88,25,3,0,91,115,200902,200926,0.043,32.8
CjSA56,NZ_CP066241.1,77.273,44,7,1,62,105,902665,902625,0.041,33.7
CjSA58,NZ_CP066241.1,100,153,0,0,1,153,718707,718859,8.39E-76,277
CjSA58,NZ_CP066241.1,82.051,39,4,2,1,39,664995,665030,0.016,33.7
CjSA59,NZ_CP066241.1,100,120,0,0,1,120,720582,720701,5.17E-58,217
CjSA59,NZ_CP066241.1,82.927,41,6,1,2,42,733901,733862,2.87E-04,40.1
CjSA59,NZ_CP066241.1,81.818,33,6,0,87,119,1690656,1690624,0.012,33.7
CjSA59,NZ_CP066241.1,88.462,26,1,1,93,118,463740,463763,0.043,31.9
CjSA60,NZ_CP066241.1,98.876,445,5,0,1,445,722938,723382,0,781
CjSA60,NZ_CP066241.1,86.486,37,5,0,401,437,723374,723338,2.87E-05,45.5
CjSA60,NZ_CP066241.1,75,64,13,2,373,435,358412,358473,0.004,38.3
CjSA60,NZ_CP066241.1,92,25,2,0,389,413,1772106,1772130,0.004,37.4
CjSA60,NZ_CP066241.1,84.375,32,5,0,392,423,1754554,1754585,0.015,36.5
CjSA60,NZ_CP066241.1,86.207,29,4,0,395,423,150958,150930,0.015,35.6
CjSA60,NZ_CP066241.1,84.848,33,3,1,296,326,489197,489229,0.015,35.6
CjSA61,NZ_CP066241.1,100,151,0,0,1,151,727744,727894,1.01E-74,273
CjSA61,NZ_CP066241.1,95.238,21,1,0,67,87,358386,358366,0.016,34.6
CjSA61,NZ_CP066241.1,100,18,0,0,6,23,1034842,1034825,0.016,33.7
CjSA62,NZ_CP066241.1,99.115,113,0,1,1,113,735726,735615,1.57E-51,196
CjSA62,NZ_CP066241.1,100,18,0,0,65,82,920632,920615,0.011,33.7
CjSA62,NZ_CP066241.1,100,17,0,0,8,24,152237,152253,0.04,31.9
CjSA62,NZ_CP066241.1,100,17,0,0,87,103,1385589,1385605,0.04,31.9
CjSA63,NZ_CP066241.1,100,97,0,0,1,97,740527,740431,1.23E-45,176
CjSA63,NZ_CP066241.1,100,17,0,0,6,22,714258,714274,0.033,31.9
CjSA64,NZ_CP066241.1,99.104,335,3,0,1,335,750532,750198,6.92E-170,591
CjSA64,NZ_CP066241.1,95.455,22,1,0,1,22,338280,338301,0.011,36.5
CjSA64,NZ_CP066241.1,81.818,33,6,0,109,141,55622,55590,0.039,33.7
CjSA64,NZ_CP066241.1,91.304,23,2,0,1,23,59592,59614,0.039,33.7
CjSA65,NZ_CP066241.1,94.175,103,1,1,1,98,767618,767720,9.59E-41,159
CjSA65,NZ_CP066241.1,89.286,28,3,0,16,43,767663,767636,7.89E-04,38.3
CjSA65,NZ_CP066241.1,80.952,42,7,1,1,42,1697022,1696982,7.89E-04,37.4
CjSA65,NZ_CP066241.1,100,18,0,0,14,31,804298,804315,0.01,33.7
CjSA65,NZ_CP066241.1,84.375,32,4,1,1,31,213268,213299,0.034,32.8
CjSA65,NZ_CP066241.1,83.333,30,5,0,12,41,656650,656621,0.034,32.8
CjSA65,NZ_CP066241.1,95.455,22,0,1,4,25,1760078,1760058,0.034,32.8
CjSA65,NZ_CP066241.1,90.909,22,2,0,15,36,63150,63129,0.034,31.9
CjSA65,NZ_CP066241.1,85.185,27,4,0,1,27,82238,82212,0.034,31.9
CjSA65,NZ_CP066241.1,90.909,22,2,0,4,25,588513,588534,0.034,31.9
CjSA66,NZ_CP066241.1,98.667,375,3,2,1,374,431839,432212,0,647
CjSA66,NZ_CP066241.1,98.667,375,3,2,1,374,774795,775168,0,647
CjSA66,NZ_CP066241.1,97.082,377,6,3,1,374,37027,37401,4.63E-179,622
CjSA66,NZ_CP066241.1,88.571,35,3,1,209,243,38992,38959,8.44E-05,42.8
CjSA66,NZ_CP066241.1,88.571,35,3,1,209,243,433804,433771,8.44E-05,42.8
CjSA66,NZ_CP066241.1,88.571,35,3,1,209,243,776760,776727,8.44E-05,42.8
CjSA66,NZ_CP066241.1,89.286,28,2,1,18,45,124474,124500,0.044,34.6
CjSA66,NZ_CP066241.1,82.051,39,4,2,7,42,1254855,1254817,0.044,33.7
CjSA67,NZ_CP066241.1,100,202,0,0,1,202,38888,39089,2.89E-102,365
CjSA67,NZ_CP066241.1,100,202,0,0,1,202,433700,433901,2.89E-102,365
CjSA67,NZ_CP066241.1,100,202,0,0,1,202,776656,776857,2.89E-102,365
CjSA67,NZ_CP066241.1,82.051,78,12,2,126,202,1761428,1761504,8.87E-14,71.6
CjSA67,NZ_CP066241.1,88.571,35,3,1,72,105,37271,37237,4.30E-05,42.8
CjSA67,NZ_CP066241.1,88.571,35,3,1,72,105,432082,432048,4.30E-05,42.8
CjSA67,NZ_CP066241.1,88.571,35,3,1,72,105,775038,775004,4.30E-05,42.8
CjSA67,NZ_CP066241.1,91.667,24,2,0,92,115,1532202,1532179,0.006,35.6
CjSA68,NZ_CP066241.1,98.504,401,4,2,1,401,434158,434556,0,690
CjSA68,NZ_CP066241.1,98.504,401,4,2,1,401,777114,777512,0,690
CjSA68,NZ_CP066241.1,98.01,402,4,3,1,401,39348,39746,0,680
CjSA68,NZ_CP066241.1,87.5,40,3,1,297,336,42800,42763,2.12E-06,48.2
CjSA68,NZ_CP066241.1,87.5,40,3,1,297,336,437615,437578,2.12E-06,48.2
CjSA68,NZ_CP066241.1,87.5,40,3,1,297,336,780571,780534,2.12E-06,48.2
CjSA68,NZ_CP066241.1,81.818,44,3,2,205,247,1331001,1330962,0.001,40.1
CjSA68,NZ_CP066241.1,86.207,29,4,0,287,315,992649,992677,0.013,35.6
CjSA70,NZ_CP066241.1,100,131,0,0,1,131,801189,801059,6.13E-64,237
CjSA70,NZ_CP066241.1,82.5,40,5,2,1,40,787175,787212,0.014,34.6
CjSA70,NZ_CP066241.1,100,18,0,0,4,21,1526000,1525983,0.014,33.7
CjSA71,NZ_CP066241.1,100,114,0,0,1,114,802594,802707,8.78E-55,206
CjSA71,NZ_CP066241.1,77.419,93,21,0,12,104,1189117,1189209,1.31E-14,74.3
CjSA71,NZ_CP066241.1,81.25,48,9,0,60,107,143865,143912,1.82E-06,47.3
CjSA71,NZ_CP066241.1,81.25,48,9,0,63,110,642439,642392,1.82E-06,47.3
CjSA71,NZ_CP066241.1,71.579,95,21,3,10,101,920184,920093,2.21E-05,42.8
CjSA71,NZ_CP066241.1,71.212,66,19,0,39,104,310430,310495,0.011,34.6
CjSA71,NZ_CP066241.1,73.684,57,9,2,61,114,1711754,1711701,0.04,32.8
CjSA72,NZ_CP066241.1,95.789,95,4,0,1,95,839826,839732,4.29E-39,154
CjSA72,NZ_CP066241.1,95.238,21,1,0,8,28,1686967,1686987,0.01,34.6
CjSA72,NZ_CP066241.1,82.857,35,5,1,5,39,187514,187481,0.01,33.7
CjSA72,NZ_CP066241.1,88,25,3,0,2,26,281737,281713,0.035,32.8
CjSA72,NZ_CP066241.1,76.087,46,9,1,46,89,1727745,1727790,0.035,31.9
CjSA73,NZ_CP066241.1,98.45,129,2,0,1,129,867808,867936,3.80E-60,224
CjSA73,NZ_CP066241.1,84.211,38,5,1,92,129,390237,390201,3.13E-04,39.2
CjSA73,NZ_CP066241.1,95.455,22,1,0,97,118,386020,385999,0.004,36.5
CjSA73,NZ_CP066241.1,95.455,22,1,0,96,117,597215,597194,0.004,36.5
CjSA73,NZ_CP066241.1,95.238,21,1,0,92,112,314709,314729,0.013,34.6
CjSA73,NZ_CP066241.1,95.238,21,1,0,92,112,386772,386752,0.013,34.6
CjSA73,NZ_CP066241.1,84.375,32,4,1,98,129,1238337,1238367,0.046,32.8
CjSA73,NZ_CP066241.1,85.185,27,4,0,67,93,725112,725138,0.046,31.9
CjSA73,NZ_CP066241.1,90.909,22,2,0,91,112,1542412,1542391,0.046,31.9
CjSA74,NZ_CP066241.1,98.873,355,2,1,1,355,904397,904749,1.52E-178,620
CjSA74,NZ_CP066241.1,100,25,0,0,1,25,1688677,1688701,6.50E-06,46.4
CjSA74,NZ_CP066241.1,92.308,26,2,0,102,127,1128229,1128204,0.001,39.2
CjSA74,NZ_CP066241.1,91.667,24,2,0,95,118,1188135,1188112,0.012,35.6
CjSA74,NZ_CP066241.1,88.462,26,3,0,105,130,765564,765539,0.041,34.6
CjSA74,NZ_CP066241.1,91.304,23,2,0,1,23,472295,472317,0.041,33.7
CjSA75,NZ_CP066241.1,100,269,0,0,1,269,925121,925389,1.67E-138,486
CjSA75,NZ_CP066241.1,78.261,46,6,2,136,179,581079,581122,0.03,33.7
CjSA76,NZ_CP066241.1,99.602,251,1,0,1,251,928074,927824,3.90E-127,449
CjSA76,NZ_CP066241.1,95.455,22,1,0,94,115,766147,766126,0.008,36.5
CjSA76,NZ_CP066241.1,92,25,1,1,106,130,338157,338134,0.028,33.7
CjSA78,NZ_CP066241.1,98.377,308,5,0,1,308,989647,989954,1.49E-152,534
CjSA78,NZ_CP066241.1,100,20,0,0,119,138,89354,89335,0.003,37.4
CjSA78,NZ_CP066241.1,84.375,32,3,1,30,59,886944,886975,0.035,33.7
CjSA79,NZ_CP066241.1,99.504,403,2,0,1,403,990083,990485,0,719
CjSA80,NZ_CP066241.1,98.039,204,4,0,1,204,995901,995698,6.43E-98,351
CjSA82,NZ_CP066241.1,99.471,189,1,0,1,189,1072035,1072223,1.30E-93,337
CjSA82,NZ_CP066241.1,95.455,22,1,0,84,105,827350,827371,0.006,36.5
CjSA82,NZ_CP066241.1,88.462,26,3,0,163,188,116461,116486,0.021,34.6
CjSA82,NZ_CP066241.1,91.304,23,2,0,38,60,1359677,1359699,0.021,33.7
CjSA83,NZ_CP066241.1,100,101,0,0,1,101,1076940,1077040,8.73E-48,183
CjSA83,NZ_CP066241.1,73.611,72,19,0,2,73,803029,803100,5.52E-06,45.5
CjSA83,NZ_CP066241.1,88.462,26,3,0,76,101,154255,154230,0.01,34.6
CjSA83,NZ_CP066241.1,83.333,30,5,0,67,96,1701606,1701577,0.035,32.8
CjSA84,NZ_CP066241.1,97.987,149,3,0,1,149,1160704,1160556,2.66E-69,256
CjSA84,NZ_CP066241.1,95.238,21,1,0,30,50,1103384,1103404,0.016,34.6
CjSA84,NZ_CP066241.1,91.304,23,2,0,119,141,984938,984916,0.016,33.7
CjSA85,NZ_CP066241.1,100,139,0,0,1,139,1206820,1206958,2.99E-68,251
CjSA85,NZ_CP066241.1,83.333,42,3,2,30,67,1489555,1489596,3.42E-04,40.1
CjSA85,NZ_CP066241.1,80.952,42,6,2,24,65,324014,323975,0.015,33.7
CjSA86,NZ_CP066241.1,81.579,190,23,6,1,184,1229601,1229418,3.96E-43,169
CjSA86,NZ_CP066241.1,91.304,23,2,0,2,24,265463,265485,0.021,33.7
CjSA86,NZ_CP066241.1,91.304,23,2,0,49,71,1137585,1137607,0.021,33.7
CjSA87,NZ_CP066241.1,99.286,140,1,0,1,140,1238426,1238565,3.67E-67,249
CjSA87,NZ_CP066241.1,83.871,31,5,0,51,81,688888,688918,0.015,34.6
CjSA87,NZ_CP066241.1,80.556,36,7,0,47,82,1758472,1758507,0.015,34.6
CjSA88,NZ_CP066241.1,100,142,0,0,1,142,1246542,1246683,7.21E-70,257
CjSA88,NZ_CP066241.1,92.593,27,2,0,8,34,507077,507051,1.00E-04,41
CjSA88,NZ_CP066241.1,90,30,2,1,5,34,1437176,1437204,0.001,38.3
CjSA88,NZ_CP066241.1,95.455,22,1,0,12,33,1479385,1479406,0.004,36.5
CjSA88,NZ_CP066241.1,87.097,31,3,1,1,31,338034,338005,0.004,35.6
CjSA88,NZ_CP066241.1,95.238,21,1,0,14,34,1336460,1336440,0.015,34.6
CjSA88,NZ_CP066241.1,95.238,21,1,0,14,34,1683622,1683642,0.015,34.6
CjSA88,NZ_CP066241.1,82.857,35,4,1,5,39,1770548,1770516,0.015,34.6
CjSA88,NZ_CP066241.1,100,18,0,0,17,34,51668,51651,0.015,33.7
CjSA88,NZ_CP066241.1,91.304,23,2,0,12,34,126775,126753,0.015,33.7
CjSA88,NZ_CP066241.1,92,25,1,1,16,39,493614,493638,0.015,33.7
CjSA88,NZ_CP066241.1,92,25,1,1,11,35,1003671,1003648,0.015,33.7
CjSA88,NZ_CP066241.1,82.857,35,5,1,1,34,1284122,1284088,0.015,33.7
CjSA88,NZ_CP066241.1,85.714,28,4,0,5,32,1339874,1339847,0.015,33.7
CjSA88,NZ_CP066241.1,86.667,30,3,1,1,30,1599391,1599363,0.015,33.7
CjSA88,NZ_CP066241.1,91.304,23,2,0,19,41,1758784,1758806,0.015,33.7
CjSA89,NZ_CP066241.1,100,109,0,0,1,109,1267809,1267701,4.31E-52,197
CjSA89,NZ_CP066241.1,91.667,24,2,0,80,103,518824,518801,0.003,35.6
CjSA89,NZ_CP066241.1,100,18,0,0,84,101,191666,191683,0.011,33.7
CjSA89,NZ_CP066241.1,83.871,31,2,1,63,93,741855,741828,0.038,32.8
CjSA90,NZ_CP066241.1,100,97,0,0,1,97,1269601,1269697,1.23E-45,176
CjSA91,NZ_CP066241.1,99.462,186,1,0,1,186,1298136,1298321,5.43E-92,332
CjSA91,NZ_CP066241.1,100,19,0,0,80,98,466154,466136,0.006,35.6
CjSA93,NZ_CP066241.1,100,73,0,0,1,73,1307256,1307328,9.06E-33,132
CjSA94,NZ_CP066241.1,99.324,148,1,0,1,148,1311664,1311517,1.78E-71,263
CjSA94,NZ_CP066241.1,82.857,35,5,1,60,93,1161566,1161532,0.016,33.7
CjSA94,NZ_CP066241.1,82.353,34,3,1,67,97,1324397,1324430,0.016,33.7
CjSA97,NZ_CP066241.1,100,326,0,0,1,326,1446741,1446416,2.34E-169,589
CjSA97,NZ_CP066241.1,95.238,21,1,0,66,86,274167,274147,0.037,34.6
CjSA98,NZ_CP066241.1,99.366,473,3,0,1,473,1475789,1476261,0,840
CjSA98,NZ_CP066241.1,91.667,24,2,0,119,142,141556,141579,0.016,35.6
CjSA99,NZ_CP066241.1,84.416,77,12,0,1,77,1482783,1482707,1.36E-18,86
CjSA102,NZ_CP066241.1,100,94,0,0,1,94,1586479,1586386,5.03E-44,170
CjSA102,NZ_CP066241.1,92.857,28,1,1,61,88,1238365,1238339,2.14E-04,39.2
CjSA102,NZ_CP066241.1,84.848,33,5,0,59,91,950426,950458,7.48E-04,38.3
CjSA102,NZ_CP066241.1,88.462,26,3,0,17,42,284993,285018,0.009,34.6
CjSA102,NZ_CP066241.1,91.304,23,2,0,59,81,1088904,1088882,0.009,33.7
CjSA102,NZ_CP066241.1,88,25,3,0,61,85,64807,64783,0.032,32.8
CjSA102,NZ_CP066241.1,95.455,22,0,1,1,22,79717,79737,0.032,32.8
CjSA102,NZ_CP066241.1,80.556,36,4,1,25,60,1512089,1512121,0.032,32.8
CjSA102,NZ_CP066241.1,80,35,7,0,21,55,1586425,1586459,0.032,32.8
CjSA102,NZ_CP066241.1,90.909,22,2,0,61,82,162833,162812,0.032,31.9
CjSA102,NZ_CP066241.1,100,17,0,0,75,91,385160,385176,0.032,31.9
CjSA102,NZ_CP066241.1,90.909,22,2,0,16,37,1603212,1603233,0.032,31.9
CjSA103,NZ_CP066241.1,87.239,431,33,9,23,442,1591894,1592313,2.49E-145,509
CjSA103,NZ_CP066241.1,80.347,173,30,4,23,193,1591960,1592130,1.13E-35,145
CjSA103,NZ_CP066241.1,78.736,174,23,6,92,258,1591897,1592063,7.16E-32,133
CjSA103,NZ_CP066241.1,88.571,105,8,3,24,126,1592027,1592129,1.06E-29,126
CjSA103,NZ_CP066241.1,84.158,101,16,0,158,258,1591897,1591997,2.34E-25,111
CjSA103,NZ_CP066241.1,100,37,0,0,24,60,1592093,1592129,2.50E-12,68
CjSA103,NZ_CP066241.1,100,35,0,0,224,258,1591897,1591931,3.05E-11,64.4
CjSA103,NZ_CP066241.1,100,28,0,0,331,358,1591920,1591893,1.92E-07,51.8
CjSA103,NZ_CP066241.1,69.565,138,28,6,224,354,1592225,1592095,8.18E-06,46.4
CjSA103,NZ_CP066241.1,79.661,59,6,3,291,348,1328851,1328798,2.85E-05,45.5
CjSA103,NZ_CP066241.1,96.296,27,1,0,331,357,1591986,1591960,2.85E-05,45.5
CjSA103,NZ_CP066241.1,96.296,27,1,0,23,49,1592228,1592202,2.85E-05,45.5
CjSA103,NZ_CP066241.1,100,24,0,0,331,354,1592052,1592029,2.85E-05,44.6
CjSA103,NZ_CP066241.1,100,24,0,0,158,181,1592225,1592202,2.85E-05,44.6
CjSA103,NZ_CP066241.1,100,24,0,0,92,115,1592225,1592202,2.85E-05,44.6
CjSA103,NZ_CP066241.1,84.211,38,5,1,55,92,557498,557462,0.001,39.2
CjSA103,NZ_CP066241.1,79.167,48,7,2,298,345,324104,324148,0.015,36.5
CjSA103,NZ_CP066241.1,95.455,22,1,0,41,62,996357,996336,0.015,36.5
CjSA104,NZ_CP066241.1,100,248,0,0,1,248,1632894,1633141,3.85E-127,448
CjSA104,NZ_CP066241.1,100,57,0,0,1,57,147387,147443,1.87E-23,104
CjSA104,NZ_CP066241.1,100,57,0,0,1,57,276532,276476,1.87E-23,104
CjSA104,NZ_CP066241.1,100,57,0,0,1,57,279690,279634,1.87E-23,104
CjSA104,NZ_CP066241.1,96.154,26,0,1,104,129,167687,167711,6.55E-04,40.1
CjSA104,NZ_CP066241.1,82.051,39,5,1,170,206,59510,59472,0.002,37.4
CjSA104,NZ_CP066241.1,95.455,22,1,0,103,124,673141,673162,0.008,36.5
CjSA104,NZ_CP066241.1,95.455,22,1,0,172,193,1310943,1310922,0.008,36.5
CjSA104,NZ_CP066241.1,81.395,43,5,2,107,148,1602231,1602271,0.008,36.5
CjSA104,NZ_CP066241.1,82.857,35,5,1,88,122,854955,854988,0.028,33.7
CjSA104,NZ_CP066241.1,91.304,23,2,0,102,124,1432993,1432971,0.028,33.7
CjSA105,NZ_CP066241.1,99.539,217,1,0,1,217,1677409,1677625,9.51E-109,388
CjSA105,NZ_CP066241.1,100,24,0,0,161,184,93329,93306,1.33E-05,44.6
CjSA105,NZ_CP066241.1,89.286,28,2,1,156,183,1084759,1084733,0.024,34.6
CjSA105,NZ_CP066241.1,88.462,26,3,0,166,191,1766479,1766454,0.024,34.6
CjSA105,NZ_CP066241.1,81.818,33,6,0,163,195,197678,197710,0.024,33.7
CjSA105,NZ_CP066241.1,91.304,23,2,0,176,198,389346,389368,0.024,33.7
CjSA105,NZ_CP066241.1,91.304,23,2,0,170,192,1067445,1067467,0.024,33.7
CjSA106,NZ_CP066241.1,99.709,344,1,0,1,344,1682218,1682561,1.79E-177,617
CjSA106,NZ_CP066241.1,100,22,0,0,54,75,999986,1000007,2.67E-04,41
CjSA106,NZ_CP066241.1,100,21,0,0,56,76,547496,547516,0.001,39.2
CjSA106,NZ_CP066241.1,95.455,22,1,0,192,213,1576629,1576608,0.011,36.5
CjSA106,NZ_CP066241.1,89.286,28,2,1,56,83,860381,860407,0.04,34.6
CjSA106,NZ_CP066241.1,80.952,42,5,2,233,271,995880,995839,0.04,34.6
CjSA106,NZ_CP066241.1,91.304,23,2,0,104,126,563595,563617,0.04,33.7
CjSA106,NZ_CP066241.1,91.304,23,2,0,53,75,741456,741478,0.04,33.7
CjSA106,NZ_CP066241.1,92,25,1,1,55,79,850070,850047,0.04,33.7
CjSA106,NZ_CP066241.1,91.304,23,2,0,64,86,1003932,1003954,0.04,33.7
CjSA106,NZ_CP066241.1,86.207,29,1,1,55,83,1391581,1391556,0.04,33.7
CjSA106,NZ_CP066241.1,91.304,23,2,0,232,254,1461794,1461816,0.04,33.7
CjSA107,NZ_CP066241.1,99.217,511,4,0,1,511,1686347,1686857,0,904
CjSA107,NZ_CP066241.1,84.444,45,4,2,416,459,882002,882044,3.32E-05,44.6
CjSA107,NZ_CP066241.1,100,20,0,0,289,308,430212,430231,0.005,37.4
CjSA107,NZ_CP066241.1,79.545,44,8,1,438,480,135529,135572,0.017,36.5
CjSA107,NZ_CP066241.1,91.667,24,2,0,15,38,897539,897516,0.017,35.6
CjSA107,NZ_CP066241.1,91.667,24,2,0,434,457,1167115,1167092,0.017,35.6
CjSA108,NZ_CP066241.1,97.222,324,8,1,1,323,1698767,1699090,1.05E-154,541
CjSA108,NZ_CP066241.1,100,22,0,0,2,23,93251,93272,2.50E-04,41
CjSA108,NZ_CP066241.1,95.238,21,1,0,268,288,642675,642655,0.037,34.6
CjSA108,NZ_CP066241.1,79.545,44,5,2,228,271,863000,863039,0.037,34.6
CjSA108,NZ_CP066241.1,91.304,23,2,0,257,279,94098,94120,0.037,33.7
CjSA109,NZ_CP066241.1,100,116,0,0,1,116,1714106,1714221,7.36E-56,210
CjSA109,NZ_CP066241.1,91.304,23,2,0,78,100,1276693,1276715,0.012,33.7
CjSA110,NZ_CP066241.1,98.919,185,1,1,1,184,1714349,1714165,2.78E-89,322
CjSA110,NZ_CP066241.1,81.481,81,5,4,70,145,1714204,1714279,2.79E-13,70.7
CjSA110,NZ_CP066241.1,77.273,66,8,4,67,128,1047114,1047176,1.35E-04,41
CjSA110,NZ_CP066241.1,95.455,22,1,0,124,145,600910,600931,0.006,36.5
CjSA110,NZ_CP066241.1,73.214,56,8,1,44,99,624844,624892,0.006,36.5
CjSA110,NZ_CP066241.1,76.471,51,8,2,101,147,386639,386689,0.02,33.7
CjSA110,NZ_CP066241.1,91.304,23,2,0,144,166,1276715,1276693,0.02,33.7
CjSA112,NZ_CP066241.1,95.181,83,4,0,1,83,1728719,1728801,1.08E-32,132
CjSA112,NZ_CP066241.1,81.132,53,6,3,2,52,1082383,1082333,5.23E-05,41.9
CjSA112,NZ_CP066241.1,87.097,31,4,0,6,36,1650695,1650665,1.82E-04,39.2
CjSA113,NZ_CP066241.1,98.039,153,3,0,1,153,1737734,1737582,1.85E-71,263
CjSA115,NZ_CP066241.1,99.708,342,1,0,1,342,1767194,1766853,2.16E-176,613
CjSA115,NZ_CP066241.1,80.392,51,8,2,265,313,343299,343249,2.66E-04,41
CjSA115,NZ_CP066241.1,82.857,35,6,0,275,309,866078,866112,0.003,37.4
CjSA115,NZ_CP066241.1,82.051,39,6,1,271,309,618093,618130,0.011,36.5
CjSA115,NZ_CP066241.1,87.097,31,3,1,178,208,338078,338049,0.011,35.6
CjSA115,NZ_CP066241.1,88.462,26,3,0,201,226,46063,46038,0.039,34.6
CjSA115,NZ_CP066241.1,88.462,26,3,0,256,281,87731,87706,0.039,34.6
CjSA115,NZ_CP066241.1,77.551,49,7,2,110,154,1067286,1067238,0.039,34.6
CjSA115,NZ_CP066241.1,76.744,43,10,0,132,174,610758,610716,0.039,33.7
CjSA115,NZ_CP066241.1,100,18,0,0,281,298,1149320,1149337,0.039,33.7
CjSA116,NZ_CP066241.1,99.174,242,2,0,1,242,1772242,1772001,3.51E-121,428
CjSA116,NZ_CP066241.1,79.31,58,11,1,136,193,336873,336817,1.23E-06,48.2
CjSA116,NZ_CP066241.1,87.097,31,4,0,173,203,1630901,1630871,6.37E-04,39.2
CjSA116,NZ_CP066241.1,79.592,49,7,2,154,202,1247759,1247804,0.002,38.3
CjSA116,NZ_CP066241.1,86.207,29,1,1,166,194,1089780,1089755,0.027,33.7
CjSA116,NZ_CP066241.1,71.951,82,16,4,118,193,1246492,1246572,0.027,33.7